Genre;Couleur
Alternative et Indie;Black
Alternative et Indie;Black
Alternative et Indie;Black
Alternative et Indie;Black
Alternative et Indie;Black
Alternative et Indie;Black
Alternative et Indie;Black
Alternative et Indie;Black
Alternative et Indie;Black
Alternative et Indie;Black
Alternative et Indie;Black
Alternative et Indie;Black
Alternative et Indie;Black
Alternative et Indie;Black
Alternative et Indie;Black
Alternative et Indie;Blue
Alternative et Indie;Brown
Alternative et Indie;Brown
Alternative et Indie;Brown
Alternative et Indie;Brown
Alternative et Indie;Brown
Alternative et Indie;Brown
Alternative et Indie;Brown
Alternative et Indie;Cyan
Alternative et Indie;Cyan
Alternative et Indie;Cyan
Alternative et Indie;Cyan
Alternative et Indie;Cyan
Alternative et Indie;Cyan
Alternative et Indie;Cyan
Alternative et Indie;Cyan
Alternative et Indie;Cyan
Alternative et Indie;Grey
Alternative et Indie;Grey
Alternative et Indie;Grey
Alternative et Indie;Grey
Alternative et Indie;Grey
Alternative et Indie;Grey
Alternative et Indie;Grey
Alternative et Indie;Grey
Alternative et Indie;Grey
Alternative et Indie;Green
Alternative et Indie;Green
Alternative et Indie;Green
Alternative et Indie;Green
Alternative et Indie;Green
Alternative et Indie;Green
Alternative et Indie;Green
Alternative et Indie;Green
Alternative et Indie;Green
Alternative et Indie;Green
Alternative et Indie;Orange
Alternative et Indie;Orange
Alternative et Indie;Orange
Alternative et Indie;Orange
Alternative et Indie;Orange
Alternative et Indie;Orange
Alternative et Indie;Orange
Alternative et Indie;Orange
Alternative et Indie;Pink
Alternative et Indie;Pink
Alternative et Indie;Pink
Alternative et Indie;Pink
Alternative et Indie;Pink
Alternative et Indie;Pink
Alternative et Indie;Pink
Alternative et Indie;Pink
Alternative et Indie;Purple
Alternative et Indie;Purple
Alternative et Indie;Purple
Alternative et Indie;Purple
Alternative et Indie;Purple
Alternative et Indie;Purple
Alternative et Indie;Purple
Alternative et Indie;Purple
Alternative et Indie;Purple
Alternative et Indie;Purple
Alternative et Indie;Purple
Alternative et Indie;Purple
Alternative et Indie;Red
Alternative et Indie;Red
Alternative et Indie;Red
Alternative et Indie;Red
Alternative et Indie;Red
Alternative et Indie;Red
Alternative et Indie;Red
Alternative et Indie;Red
Alternative et Indie;Red
Alternative et Indie;Red
Alternative et Indie;White
Alternative et Indie;White
Alternative et Indie;White
Alternative et Indie;White
Alternative et Indie;White
Alternative et Indie;White
Alternative et Indie;White
Alternative et Indie;Yellow
Alternative et Indie;Yellow
Alternative et Indie;Yellow
Alternative et Indie;Yellow
Alternative et Indie;Yellow
Alternative et Indie;Yellow
Alternative et Indie;Yellow
Alternative et Indie;Yellow
Alternative et Indie;Yellow
Blues;Black
Blues;Black
Blues;Black
Blues;Black
Blues;Blue
Blues;Blue
Blues;Blue
Blues;Blue
Blues;Blue
Blues;Blue
Blues;Blue
Blues;Blue
Blues;Blue
Blues;Blue
Blues;Blue
Blues;Blue
Blues;Blue
Blues;Blue
Blues;Blue
Blues;Blue
Blues;Blue
Blues;Blue
Blues;Blue
Blues;Blue
Blues;Blue
Blues;Blue
Blues;Blue
Blues;Blue
Blues;Blue
Blues;Blue
Blues;Blue
Blues;Blue
Blues;Blue
Blues;Blue
Blues;Blue
Blues;Blue
Blues;Blue
Blues;Blue
Blues;Blue
Blues;Blue
Blues;Blue
Blues;Blue
Blues;Blue
Blues;Blue
Blues;Blue
Blues;Blue
Blues;Blue
Blues;Blue
Blues;Blue
Blues;Blue
Blues;Blue
Blues;Blue
Blues;Blue
Blues;Blue
Blues;Blue
Blues;Blue
Blues;Blue
Blues;Blue
Blues;Blue
Blues;Blue
Blues;Blue
Blues;Blue
Blues;Brown
Blues;Brown
Blues;Brown
Blues;Brown
Blues;Cyan
Blues;Cyan
Blues;Cyan
Blues;Cyan
Blues;Cyan
Blues;Cyan
Blues;Grey
Blues;Grey
Blues;Grey
Blues;Grey
Blues;Grey
Blues;Grey
Blues;Grey
Blues;Grey
Blues;Green
Blues;Green
Blues;Green
Blues;Orange
Blues;Pink
Blues;Purple
Blues;Purple
Blues;Purple
Blues;Purple
Blues;Purple
Blues;Purple
Blues;Purple
Blues;Purple
Blues;Yellow
Classical;Black
Classical;Black
Classical;Black
Classical;Blue
Classical;Blue
Classical;Blue
Classical;Blue
Classical;Blue
Classical;Blue
Classical;Blue
Classical;Blue
Classical;Blue
Classical;Blue
Classical;Blue
Classical;Blue
Classical;Blue
Classical;Blue
Classical;Blue
Classical;Blue
Classical;Blue
Classical;Blue
Classical;Blue
Classical;Blue
Classical;Blue
Classical;Brown
Classical;Brown
Classical;Brown
Classical;Brown
Classical;Brown
Classical;Brown
Classical;Cyan
Classical;Cyan
Classical;Cyan
Classical;Cyan
Classical;Cyan
Classical;Cyan
Classical;Grey
Classical;Grey
Classical;Grey
Classical;Grey
Classical;Grey
Classical;Grey
Classical;Grey
Classical;Grey
Classical;Grey
Classical;Grey
Classical;Grey
Classical;Grey
Classical;Grey
Classical;Green
Classical;Green
Classical;Green
Classical;Green
Classical;Green
Classical;Green
Classical;Green
Classical;Green
Classical;Green
Classical;Green
Classical;Green
Classical;Green
Classical;Green
Classical;Green
Classical;Green
Classical;Green
Classical;Orange
Classical;Orange
Classical;Orange
Classical;Orange
Classical;Pink
Classical;Pink
Classical;Pink
Classical;Pink
Classical;Pink
Classical;Purple
Classical;Purple
Classical;Purple
Classical;Purple
Classical;Purple
Classical;Red
Classical;Red
Classical;Red
Classical;White
Classical;White
Classical;White
Classical;White
Classical;White
Classical;White
Classical;White
Classical;White
Classical;White
Classical;White
Classical;White
Classical;White
Classical;White
Classical;White
Classical;White
Classical;White
Classical;White
Classical;White
Classical;White
Classical;White
Classical;White
Classical;White
Classical;White
Classical;White
Classical;White
Classical;White
Classical;Yellow
Classical;Yellow
Classical;Yellow
Classical;Yellow
Classical;Yellow
Classical;Yellow
Classical;Yellow
Classical;Yellow
Classical;Yellow
Country;Blue
Country;Blue
Country;Blue
Country;Blue
Country;Blue
Country;Blue
Country;Brown
Country;Brown
Country;Brown
Country;Brown
Country;Brown
Country;Brown
Country;Brown
Country;Brown
Country;Brown
Country;Brown
Country;Brown
Country;Brown
Country;Brown
Country;Brown
Country;Brown
Country;Brown
Country;Brown
Country;Brown
Country;Brown
Country;Brown
Country;Brown
Country;Brown
Country;Brown
Country;Brown
Country;Brown
Country;Brown
Country;Brown
Country;Brown
Country;Brown
Country;Cyan
Country;Cyan
Country;Grey
Country;Grey
Country;Grey
Country;Grey
Country;Green
Country;Green
Country;Green
Country;Green
Country;Green
Country;Green
Country;Green
Country;Green
Country;Green
Country;Green
Country;Green
Country;Green
Country;Green
Country;Green
Country;Green
Country;Green
Country;Green
Country;Green
Country;Green
Country;Green
Country;Green
Country;Green
Country;Green
Country;Green
Country;Green
Country;Green
Country;Green
Country;Green
Country;Green
Country;Green
Country;Green
Country;Green
Country;Orange
Country;Orange
Country;Orange
Country;Orange
Country;Orange
Country;Orange
Country;Orange
Country;Orange
Country;Orange
Country;Pink
Country;Pink
Country;Purple
Country;Red
Country;Red
Country;White
Country;Yellow
Country;Yellow
Country;Yellow
Country;Yellow
Country;Yellow
Country;Yellow
Country;Yellow
Country;Yellow
Country;Yellow
Country;Yellow
Country;Yellow
Electronica and Dance;Black
Electronica and Dance;Black
Electronica and Dance;Black
Electronica and Dance;Black
Electronica and Dance;Blue
Electronica and Dance;Blue
Electronica and Dance;Blue
Electronica and Dance;Blue
Electronica and Dance;Blue
Electronica and Dance;Blue
Electronica and Dance;Blue
Electronica and Dance;Blue
Electronica and Dance;Blue
Electronica and Dance;Brown
Electronica and Dance;Cyan
Electronica and Dance;Cyan
Electronica and Dance;Cyan
Electronica and Dance;Cyan
Electronica and Dance;Cyan
Electronica and Dance;Cyan
Electronica and Dance;Cyan
Electronica and Dance;Cyan
Electronica and Dance;Cyan
Electronica and Dance;Cyan
Electronica and Dance;Cyan
Electronica and Dance;Cyan
Electronica and Dance;Cyan
Electronica and Dance;Cyan
Electronica and Dance;Cyan
Electronica and Dance;Cyan
Electronica and Dance;Cyan
Electronica and Dance;Cyan
Electronica and Dance;Cyan
Electronica and Dance;Cyan
Electronica and Dance;Cyan
Electronica and Dance;Cyan
Electronica and Dance;Cyan
Electronica and Dance;Cyan
Electronica and Dance;Cyan
Electronica and Dance;Cyan
Electronica and Dance;Grey
Electronica and Dance;Grey
Electronica and Dance;Grey
Electronica and Dance;Grey
Electronica and Dance;Grey
Electronica and Dance;Grey
Electronica and Dance;Grey
Electronica and Dance;Grey
Electronica and Dance;Grey
Electronica and Dance;Orange
Electronica and Dance;Orange
Electronica and Dance;Orange
Electronica and Dance;Orange
Electronica and Dance;Orange
Electronica and Dance;Orange
Electronica and Dance;Orange
Electronica and Dance;Orange
Electronica and Dance;Orange
Electronica and Dance;Pink
Electronica and Dance;Pink
Electronica and Dance;Pink
Electronica and Dance;Pink
Electronica and Dance;Pink
Electronica and Dance;Pink
Electronica and Dance;Pink
Electronica and Dance;Pink
Electronica and Dance;Pink
Electronica and Dance;Pink
Electronica and Dance;Pink
Electronica and Dance;Pink
Electronica and Dance;Pink
Electronica and Dance;Pink
Electronica and Dance;Pink
Electronica and Dance;Pink
Electronica and Dance;Pink
Electronica and Dance;Pink
Electronica and Dance;Pink
Electronica and Dance;Pink
Electronica and Dance;Pink
Electronica and Dance;Pink
Electronica and Dance;Pink
Electronica and Dance;Pink
Electronica and Dance;Purple
Electronica and Dance;Purple
Electronica and Dance;Purple
Electronica and Dance;Purple
Electronica and Dance;Purple
Electronica and Dance;Purple
Electronica and Dance;Purple
Electronica and Dance;Purple
Electronica and Dance;Purple
Electronica and Dance;Purple
Electronica and Dance;Purple
Electronica and Dance;Purple
Electronica and Dance;Purple
Electronica and Dance;Purple
Electronica and Dance;Purple
Electronica and Dance;Purple
Electronica and Dance;Red
Electronica and Dance;Red
Electronica and Dance;Red
Electronica and Dance;Red
Electronica and Dance;Red
Electronica and Dance;Red
Electronica and Dance;Red
Electronica and Dance;Red
Electronica and Dance;Red
Electronica and Dance;Red
Electronica and Dance;Red
Electronica and Dance;Red
Electronica and Dance;Red
Electronica and Dance;Red
Electronica and Dance;Red
Electronica and Dance;Red
Electronica and Dance;Red
Electronica and Dance;White
Electronica and Dance;White
Electronica and Dance;White
Electronica and Dance;White
Electronica and Dance;White
Electronica and Dance;White
Electronica and Dance;White
Electronica and Dance;White
Electronica and Dance;Yellow
Electronica and Dance;Yellow
Electronica and Dance;Yellow
Electronica and Dance;Yellow
Electronica and Dance;Yellow
Electronica and Dance;Yellow
Electronica and Dance;Yellow
Electronica and Dance;Yellow
Electronica and Dance;Yellow
Electronica and Dance;Yellow
Electronica and Dance;Yellow
Electronica and Dance;Yellow
Electronica and Dance;Yellow
Electronica and Dance;Yellow
Electronica and Dance;Yellow
Electronica and Dance;Yellow
Electronica and Dance;Yellow
Electronica and Dance;Yellow
Folk;Blue
Folk;Blue
Folk;Blue
Folk;Blue
Folk;Brown
Folk;Brown
Folk;Brown
Folk;Brown
Folk;Brown
Folk;Brown
Folk;Brown
Folk;Brown
Folk;Brown
Folk;Brown
Folk;Brown
Folk;Brown
Folk;Brown
Folk;Brown
Folk;Brown
Folk;Brown
Folk;Brown
Folk;Brown
Folk;Brown
Folk;Brown
Folk;Cyan
Folk;Cyan
Folk;Grey
Folk;Grey
Folk;Grey
Folk;Grey
Folk;Grey
Folk;Grey
Folk;Green
Folk;Green
Folk;Green
Folk;Green
Folk;Green
Folk;Green
Folk;Green
Folk;Green
Folk;Green
Folk;Green
Folk;Green
Folk;Green
Folk;Green
Folk;Green
Folk;Green
Folk;Green
Folk;Green
Folk;Green
Folk;Green
Folk;Green
Folk;Green
Folk;Green
Folk;Orange
Folk;Orange
Folk;Orange
Folk;Orange
Folk;Pink
Folk;Pink
Folk;Pink
Folk;Pink
Folk;Purple
Folk;Red
Folk;Red
Folk;Red
Folk;Red
Folk;White
Folk;White
Folk;White
Folk;White
Folk;Yellow
Folk;Yellow
Folk;Yellow
Folk;Yellow
Folk;Yellow
Folk;Yellow
Gospel;Black
Gospel;Black
Gospel;Black
Gospel;Black
Gospel;Black
Gospel;Blue
Gospel;Blue
Gospel;Blue
Gospel;Brown
Gospel;Brown
Gospel;Brown
Gospel;Brown
Gospel;Cyan
Gospel;Cyan
Gospel;Cyan
Gospel;Grey
Gospel;Grey
Gospel;Grey
Gospel;Grey
Gospel;Grey
Gospel;Grey
Gospel;Grey
Gospel;Green
Gospel;Green
Gospel;Green
Gospel;Green
Gospel;Green
Gospel;Green
Gospel;Green
Gospel;Orange
Gospel;Orange
Gospel;Orange
Gospel;Pink
Gospel;Purple
Gospel;Purple
Gospel;Purple
Gospel;Purple
Gospel;Purple
Gospel;Purple
Gospel;Purple
Gospel;Purple
Gospel;Purple
Gospel;Purple
Gospel;Purple
Gospel;Purple
Gospel;Purple
Gospel;Purple
Gospel;Red
Gospel;Red
Gospel;White
Gospel;White
Gospel;White
Gospel;White
Gospel;White
Gospel;White
Gospel;White
Gospel;White
Gospel;White
Gospel;White
Gospel;White
Gospel;White
Gospel;White
Gospel;White
Gospel;White
Gospel;White
Gospel;White
Gospel;White
Gospel;White
Gospel;White
Gospel;White
Gospel;White
Gospel;White
Gospel;White
Gospel;White
Gospel;White
Gospel;White
Gospel;White
Gospel;White
Gospel;White
Gospel;White
Gospel;White
Gospel;White
Gospel;White
Gospel;White
Gospel;Yellow
Gospel;Yellow
Gospel;Yellow
Hip-Hop et Rap;Black
Hip-Hop et Rap;Black
Hip-Hop et Rap;Black
Hip-Hop et Rap;Black
Hip-Hop et Rap;Black
Hip-Hop et Rap;Black
Hip-Hop et Rap;Black
Hip-Hop et Rap;Black
Hip-Hop et Rap;Black
Hip-Hop et Rap;Black
Hip-Hop et Rap;Blue
Hip-Hop et Rap;Brown
Hip-Hop et Rap;Brown
Hip-Hop et Rap;Brown
Hip-Hop et Rap;Brown
Hip-Hop et Rap;Brown
Hip-Hop et Rap;Cyan
Hip-Hop et Rap;Cyan
Hip-Hop et Rap;Cyan
Hip-Hop et Rap;Cyan
Hip-Hop et Rap;Grey
Hip-Hop et Rap;Grey
Hip-Hop et Rap;Grey
Hip-Hop et Rap;Green
Hip-Hop et Rap;Green
Hip-Hop et Rap;Orange
Hip-Hop et Rap;Orange
Hip-Hop et Rap;Orange
Hip-Hop et Rap;Orange
Hip-Hop et Rap;Orange
Hip-Hop et Rap;Orange
Hip-Hop et Rap;Orange
Hip-Hop et Rap;Orange
Hip-Hop et Rap;Orange
Hip-Hop et Rap;Orange
Hip-Hop et Rap;Pink
Hip-Hop et Rap;Pink
Hip-Hop et Rap;Pink
Hip-Hop et Rap;Pink
Hip-Hop et Rap;Purple
Hip-Hop et Rap;Purple
Hip-Hop et Rap;Purple
Hip-Hop et Rap;Purple
Hip-Hop et Rap;Purple
Hip-Hop et Rap;Purple
Hip-Hop et Rap;Purple
Hip-Hop et Rap;Purple
Hip-Hop et Rap;Purple
Hip-Hop et Rap;Purple
Hip-Hop et Rap;Red
Hip-Hop et Rap;Red
Hip-Hop et Rap;Red
Hip-Hop et Rap;Red
Hip-Hop et Rap;Red
Hip-Hop et Rap;Red
Hip-Hop et Rap;Red
Hip-Hop et Rap;Red
Hip-Hop et Rap;Red
Hip-Hop et Rap;Red
Hip-Hop et Rap;Red
Hip-Hop et Rap;Red
Hip-Hop et Rap;Red
Hip-Hop et Rap;Red
Hip-Hop et Rap;Red
Hip-Hop et Rap;Red
Hip-Hop et Rap;White
Hip-Hop et Rap;Yellow
Hip-Hop et Rap;Yellow
Hip-Hop et Rap;Yellow
Hip-Hop et Rap;Yellow
Hip-Hop et Rap;Yellow
Hip-Hop et Rap;Yellow
Jazz;Black
Jazz;Black
Jazz;Black
Jazz;Blue
Jazz;Blue
Jazz;Blue
Jazz;Blue
Jazz;Blue
Jazz;Blue
Jazz;Blue
Jazz;Blue
Jazz;Blue
Jazz;Blue
Jazz;Blue
Jazz;Blue
Jazz;Blue
Jazz;Blue
Jazz;Brown
Jazz;Brown
Jazz;Brown
Jazz;Brown
Jazz;Brown
Jazz;Brown
Jazz;Brown
Jazz;Brown
Jazz;Brown
Jazz;Cyan
Jazz;Cyan
Jazz;Cyan
Jazz;Cyan
Jazz;Cyan
Jazz;Cyan
Jazz;Grey
Jazz;Grey
Jazz;Grey
Jazz;Grey
Jazz;Grey
Jazz;Grey
Jazz;Grey
Jazz;Grey
Jazz;Grey
Jazz;Grey
Jazz;Grey
Jazz;Green
Jazz;Green
Jazz;Green
Jazz;Orange
Jazz;Orange
Jazz;Orange
Jazz;Orange
Jazz;Orange
Jazz;Orange
Jazz;Orange
Jazz;Orange
Jazz;Pink
Jazz;Pink
Jazz;Pink
Jazz;Pink
Jazz;Pink
Jazz;Pink
Jazz;Purple
Jazz;Purple
Jazz;Purple
Jazz;Purple
Jazz;Purple
Jazz;Purple
Jazz;Purple
Jazz;Purple
Jazz;Purple
Jazz;Purple
Jazz;Red
Jazz;Red
Jazz;Red
Jazz;Red
Jazz;Red
Jazz;White
Jazz;White
Jazz;Yellow
Jazz;Yellow
Jazz;Yellow
Jazz;Yellow
Jazz;Yellow
Latin;Brown
Latin;Brown
Latin;Brown
Latin;Brown
Latin;Cyan
Latin;Cyan
Latin;Cyan
Latin;Grey
Latin;Grey
Latin;Green
Latin;Green
Latin;Orange
Latin;Orange
Latin;Orange
Latin;Orange
Latin;Orange
Latin;Orange
Latin;Orange
Latin;Orange
Latin;Orange
Latin;Orange
Latin;Orange
Latin;Orange
Latin;Orange
Latin;Orange
Latin;Pink
Latin;Pink
Latin;Pink
Latin;Pink
Latin;Pink
Latin;Pink
Latin;Purple
Latin;Purple
Latin;Purple
Latin;Purple
Latin;Red
Latin;Red
Latin;Red
Latin;Red
Latin;Red
Latin;Red
Latin;Red
Latin;Red
Latin;Red
Latin;Red
Latin;Red
Latin;Red
Latin;Red
Latin;Red
Latin;Red
Latin;Red
Latin;Red
Latin;White
Latin;White
Latin;White
Latin;Yellow
Latin;Yellow
Latin;Yellow
Latin;Yellow
Latin;Yellow
Latin;Yellow
Latin;Yellow
Latin;Yellow
Latin;Yellow
Latin;Yellow
Latin;Yellow
Latin;Yellow
Latin;Yellow
Latin;Yellow
Latin;Yellow
Latin;Yellow
Latin;Yellow
Metal;Black
Metal;Black
Metal;Black
Metal;Black
Metal;Black
Metal;Black
Metal;Black
Metal;Black
Metal;Black
Metal;Black
Metal;Black
Metal;Black
Metal;Black
Metal;Black
Metal;Black
Metal;Black
Metal;Black
Metal;Black
Metal;Black
Metal;Black
Metal;Black
Metal;Black
Metal;Black
Metal;Black
Metal;Black
Metal;Black
Metal;Black
Metal;Black
Metal;Black
Metal;Black
Metal;Black
Metal;Black
Metal;Black
Metal;Black
Metal;Black
Metal;Black
Metal;Black
Metal;Black
Metal;Black
Metal;Black
Metal;Black
Metal;Black
Metal;Black
Metal;Black
Metal;Black
Metal;Black
Metal;Black
Metal;Black
Metal;Black
Metal;Black
Metal;Black
Metal;Black
Metal;Black
Metal;Black
Metal;Black
Metal;Black
Metal;Black
Metal;Black
Metal;Black
Metal;Black
Metal;Black
Metal;Black
Metal;Black
Metal;Black
Metal;Black
Metal;Black
Metal;Black
Metal;Black
Metal;Black
Metal;Black
Metal;Black
Metal;Black
Metal;Black
Metal;Black
Metal;Black
Metal;Black
Metal;Black
Metal;Brown
Metal;Brown
Metal;Brown
Metal;Brown
Metal;Brown
Metal;Cyan
Metal;Grey
Metal;Grey
Metal;Grey
Metal;Grey
Metal;Grey
Metal;Grey
Metal;Grey
Metal;Grey
Metal;Grey
Metal;Grey
Metal;Grey
Metal;Grey
Metal;Grey
Metal;Purple
Metal;Purple
Metal;Purple
Metal;Purple
Metal;Purple
Metal;Purple
Metal;Red
Metal;Red
Metal;Red
Metal;Red
Metal;Red
Metal;Red
Metal;Red
Metal;Red
Metal;Red
Metal;Red
Metal;Red
Metal;Red
Metal;Red
Metal;Red
Metal;White
New Age;Black
New Age;Black
New Age;Blue
New Age;Blue
New Age;Blue
New Age;Blue
New Age;Blue
New Age;Blue
New Age;Blue
New Age;Blue
New Age;Blue
New Age;Blue
New Age;Blue
New Age;Brown
New Age;Brown
New Age;Cyan
New Age;Cyan
New Age;Cyan
New Age;Cyan
New Age;Cyan
New Age;Cyan
New Age;Cyan
New Age;Cyan
New Age;Cyan
New Age;Cyan
New Age;Cyan
New Age;Cyan
New Age;Cyan
New Age;Cyan
New Age;Cyan
New Age;Cyan
New Age;Grey
New Age;Grey
New Age;Green
New Age;Green
New Age;Green
New Age;Green
New Age;Green
New Age;Green
New Age;Green
New Age;Green
New Age;Green
New Age;Green
New Age;Orange
New Age;Orange
New Age;Orange
New Age;Orange
New Age;Orange
New Age;Orange
New Age;Orange
New Age;Orange
New Age;Pink
New Age;Pink
New Age;Pink
New Age;Pink
New Age;Pink
New Age;Purple
New Age;Purple
New Age;Purple
New Age;Purple
New Age;Purple
New Age;Purple
New Age;Purple
New Age;Purple
New Age;Purple
New Age;Purple
New Age;Purple
New Age;Purple
New Age;Purple
New Age;Purple
New Age;Purple
New Age;Red
New Age;Red
New Age;Red
New Age;Red
New Age;Red
New Age;White
New Age;White
New Age;White
New Age;White
New Age;White
New Age;White
New Age;White
New Age;White
New Age;White
New Age;White
New Age;White
New Age;White
New Age;White
New Age;White
New Age;White
New Age;White
New Age;White
New Age;Yellow
New Age;Yellow
New Age;Yellow
New Age;Yellow
New Age;Yellow
New Age;Yellow
New Age;Yellow
New Age;Yellow
New Age;Yellow
None;Black
None;Black
None;Black
None;Black
None;Black
None;Black
None;Blue
None;Blue
None;Blue
None;Blue
None;Blue
None;Blue
None;Blue
None;Blue
None;Brown
None;Brown
None;Brown
None;Brown
None;Brown
None;Brown
None;Brown
None;Brown
None;Brown
None;Brown
None;Brown
None;Brown
None;Brown
None;Brown
None;Brown
None;Brown
None;Brown
None;Brown
None;Brown
None;Cyan
None;Cyan
None;Cyan
None;Cyan
None;Cyan
None;Cyan
None;Cyan
None;Cyan
None;Cyan
None;Cyan
None;Cyan
None;Cyan
None;Cyan
None;Cyan
None;Cyan
None;Cyan
None;Cyan
None;Cyan
None;Cyan
None;Cyan
None;Cyan
None;Cyan
None;Cyan
None;Cyan
None;Cyan
None;Cyan
None;Cyan
None;Cyan
None;Cyan
None;Cyan
None;Cyan
None;Cyan
None;Cyan
None;Grey
None;Grey
None;Grey
None;Grey
None;Grey
None;Grey
None;Grey
None;Grey
None;Grey
None;Grey
None;Grey
None;Grey
None;Grey
None;Grey
None;Grey
None;Grey
None;Grey
None;Grey
None;Grey
None;Grey
None;Grey
None;Grey
None;Grey
None;Grey
None;Grey
None;Grey
None;Grey
None;Grey
None;Grey
None;Grey
None;Green
None;Green
None;Green
None;Green
None;Green
None;Green
None;Green
None;Orange
None;Orange
None;Orange
None;Orange
None;Orange
None;Orange
None;Orange
None;Orange
None;Orange
None;Orange
None;Orange
None;Orange
None;Orange
None;Orange
None;Orange
None;Pink
None;Pink
None;Pink
None;Pink
None;Pink
None;Pink
None;Pink
None;Pink
None;Pink
None;Pink
None;Purple
None;Purple
None;Purple
None;Purple
None;Purple
None;Purple
None;Purple
None;Purple
None;Purple
None;Purple
None;Purple
None;Purple
None;Purple
None;Purple
None;Purple
None;Purple
None;Purple
None;Purple
None;Purple
None;Purple
None;Purple
None;Purple
None;Red
None;Red
None;Red
None;Red
None;Red
None;Red
None;Red
None;Red
None;Red
None;Red
None;Red
None;Red
None;Red
None;White
None;White
None;White
None;White
None;White
None;White
None;White
None;White
None;White
None;White
None;White
None;White
None;White
None;White
None;White
None;White
None;White
None;White
None;White
None;White
None;White
None;White
None;White
None;White
None;Yellow
None;Yellow
None;Yellow
None;Yellow
None;Yellow
None;Yellow
None;Yellow
None;Yellow
None;Yellow
Other;Black
Other;Blue
Other;Blue
Other;Brown
Other;Grey
Other;Grey
Other;Green
Other;Orange
Other;Orange
Other;Pink
Other;Pink
Other;Purple
Other;White
Other;White
Other;Yellow
Pop;Black
Pop;Blue
Pop;Blue
Pop;Blue
Pop;Blue
Pop;Blue
Pop;Blue
Pop;Blue
Pop;Brown
Pop;Brown
Pop;Cyan
Pop;Cyan
Pop;Cyan
Pop;Cyan
Pop;Grey
Pop;Green
Pop;Green
Pop;Green
Pop;Green
Pop;Green
Pop;Orange
Pop;Orange
Pop;Orange
Pop;Orange
Pop;Orange
Pop;Orange
Pop;Orange
Pop;Orange
Pop;Orange
Pop;Orange
Pop;Pink
Pop;Pink
Pop;Pink
Pop;Pink
Pop;Pink
Pop;Pink
Pop;Pink
Pop;Pink
Pop;Pink
Pop;Pink
Pop;Pink
Pop;Pink
Pop;Pink
Pop;Pink
Pop;Pink
Pop;Pink
Pop;Pink
Pop;Pink
Pop;Pink
Pop;Pink
Pop;Pink
Pop;Pink
Pop;Pink
Pop;Pink
Pop;Pink
Pop;Pink
Pop;Pink
Pop;Pink
Pop;Pink
Pop;Pink
Pop;Pink
Pop;Pink
Pop;Pink
Pop;Pink
Pop;Pink
Pop;Pink
Pop;Pink
Pop;Pink
Pop;Pink
Pop;Pink
Pop;Pink
Pop;Pink
Pop;Pink
Pop;Pink
Pop;Pink
Pop;Pink
Pop;Pink
Pop;Pink
Pop;Purple
Pop;Purple
Pop;Purple
Pop;Purple
Pop;Purple
Pop;Purple
Pop;Purple
Pop;Red
Pop;Red
Pop;Red
Pop;Red
Pop;Red
Pop;Red
Pop;Red
Pop;Red
Pop;Red
Pop;Red
Pop;Red
Pop;Red
Pop;Red
Pop;Red
Pop;Red
Pop;White
Pop;Yellow
Pop;Yellow
Pop;Yellow
Pop;Yellow
Pop;Yellow
Pop;Yellow
Pop;Yellow
Pop;Yellow
Pop;Yellow
Reggae;Black
Reggae;Black
Reggae;Blue
Reggae;Brown
Reggae;Brown
Reggae;Brown
Reggae;Brown
Reggae;Brown
Reggae;Brown
Reggae;Brown
Reggae;Brown
Reggae;Brown
Reggae;Brown
Reggae;Brown
Reggae;Cyan
Reggae;Cyan
Reggae;Grey
Reggae;Grey
Reggae;Grey
Reggae;Green
Reggae;Green
Reggae;Green
Reggae;Green
Reggae;Green
Reggae;Green
Reggae;Green
Reggae;Green
Reggae;Green
Reggae;Green
Reggae;Green
Reggae;Green
Reggae;Green
Reggae;Green
Reggae;Green
Reggae;Green
Reggae;Green
Reggae;Green
Reggae;Green
Reggae;Green
Reggae;Green
Reggae;Green
Reggae;Green
Reggae;Green
Reggae;Orange
Reggae;Orange
Reggae;Orange
Reggae;Orange
Reggae;Orange
Reggae;Orange
Reggae;Orange
Reggae;Orange
Reggae;Orange
Reggae;Orange
Reggae;Orange
Reggae;Orange
Reggae;Orange
Reggae;Orange
Reggae;Orange
Reggae;Orange
Reggae;Orange
Reggae;Orange
Reggae;Orange
Reggae;Orange
Reggae;Orange
Reggae;Orange
Reggae;Orange
Reggae;Orange
Reggae;Orange
Reggae;Pink
Reggae;Pink
Reggae;Red
Reggae;Red
Reggae;Red
Reggae;Red
Reggae;Red
Reggae;Red
Reggae;Red
Reggae;Red
Reggae;Red
Reggae;Red
Reggae;Red
Reggae;White
Reggae;Yellow
Reggae;Yellow
Reggae;Yellow
Reggae;Yellow
Reggae;Yellow
Reggae;Yellow
Reggae;Yellow
Reggae;Yellow
Reggae;Yellow
Reggae;Yellow
Reggae;Yellow
Reggae;Yellow
Reggae;Yellow
Reggae;Yellow
Reggae;Yellow
Reggae;Yellow
Reggae;Yellow
Reggae;Yellow
Reggae;Yellow
Reggae;Yellow
Reggae;Yellow
Reggae;Yellow
Reggae;Yellow
Rock;Black
Rock;Black
Rock;Black
Rock;Black
Rock;Black
Rock;Black
Rock;Black
Rock;Black
Rock;Black
Rock;Black
Rock;Black
Rock;Black
Rock;Black
Rock;Black
Rock;Black
Rock;Black
Rock;Black
Rock;Black
Rock;Black
Rock;Black
Rock;Black
Rock;Black
Rock;Black
Rock;Black
Rock;Black
Rock;Blue
Rock;Blue
Rock;Blue
Rock;Blue
Rock;Blue
Rock;Blue
Rock;Brown
Rock;Brown
Rock;Brown
Rock;Grey
Rock;Grey
Rock;Grey
Rock;Grey
Rock;Grey
Rock;Grey
Rock;Green
Rock;Green
Rock;Orange
Rock;Orange
Rock;Orange
Rock;Orange
Rock;Orange
Rock;Pink
Rock;Pink
Rock;Purple
Rock;Purple
Rock;Purple
Rock;Purple
Rock;Purple
Rock;Purple
Rock;Purple
Rock;Purple
Rock;Red
Rock;Red
Rock;Red
Rock;Red
Rock;Red
Rock;Red
Rock;Red
Rock;Red
Rock;Red
Rock;Red
Rock;Red
Rock;Red
Rock;Red
Rock;Red
Rock;Red
Rock;Red
Rock;Red
Rock;Red
Rock;Red
Rock;Red
Rock;Red
Rock;Red
Rock;Red
Rock;Red
Rock;Red
Rock;Red
Rock;Red
Rock;White
Rock;White
Rock;White
Rock;Yellow
Rock;Yellow
Soul RnB and Funk;Black
Soul RnB and Funk;Black
Soul RnB and Funk;Black
Soul RnB and Funk;Black
Soul RnB and Funk;Black
Soul RnB and Funk;Black
Soul RnB and Funk;Black
Soul RnB and Funk;Blue
Soul RnB and Funk;Blue
Soul RnB and Funk;Blue
Soul RnB and Funk;Blue
Soul RnB and Funk;Blue
Soul RnB and Funk;Blue
Soul RnB and Funk;Blue
Soul RnB and Funk;Brown
Soul RnB and Funk;Brown
Soul RnB and Funk;Brown
Soul RnB and Funk;Brown
Soul RnB and Funk;Brown
Soul RnB and Funk;Brown
Soul RnB and Funk;Brown
Soul RnB and Funk;Brown
Soul RnB and Funk;Brown
Soul RnB and Funk;Brown
Soul RnB and Funk;Brown
Soul RnB and Funk;Brown
Soul RnB and Funk;Cyan
Soul RnB and Funk;Cyan
Soul RnB and Funk;Cyan
Soul RnB and Funk;Cyan
Soul RnB and Funk;Cyan
Soul RnB and Funk;Grey
Soul RnB and Funk;Grey
Soul RnB and Funk;Grey
Soul RnB and Funk;Grey
Soul RnB and Funk;Grey
Soul RnB and Funk;Green
Soul RnB and Funk;Green
Soul RnB and Funk;Green
Soul RnB and Funk;Green
Soul RnB and Funk;Orange
Soul RnB and Funk;Orange
Soul RnB and Funk;Orange
Soul RnB and Funk;Orange
Soul RnB and Funk;Orange
Soul RnB and Funk;Orange
Soul RnB and Funk;Orange
Soul RnB and Funk;Orange
Soul RnB and Funk;Orange
Soul RnB and Funk;Orange
Soul RnB and Funk;Orange
Soul RnB and Funk;Orange
Soul RnB and Funk;Orange
Soul RnB and Funk;Orange
Soul RnB and Funk;Orange
Soul RnB and Funk;Orange
Soul RnB and Funk;Orange
Soul RnB and Funk;Orange
Soul RnB and Funk;Orange
Soul RnB and Funk;Orange
Soul RnB and Funk;Orange
Soul RnB and Funk;Orange
Soul RnB and Funk;Pink
Soul RnB and Funk;Pink
Soul RnB and Funk;Pink
Soul RnB and Funk;Pink
Soul RnB and Funk;Pink
Soul RnB and Funk;Pink
Soul RnB and Funk;Pink
Soul RnB and Funk;Pink
Soul RnB and Funk;Pink
Soul RnB and Funk;Pink
Soul RnB and Funk;Pink
Soul RnB and Funk;Pink
Soul RnB and Funk;Pink
Soul RnB and Funk;Pink
Soul RnB and Funk;Pink
Soul RnB and Funk;Pink
Soul RnB and Funk;Pink
Soul RnB and Funk;Pink
Soul RnB and Funk;Pink
Soul RnB and Funk;Pink
Soul RnB and Funk;Pink
Soul RnB and Funk;Purple
Soul RnB and Funk;Purple
Soul RnB and Funk;Purple
Soul RnB and Funk;Purple
Soul RnB and Funk;Purple
Soul RnB and Funk;Purple
Soul RnB and Funk;Purple
Soul RnB and Funk;Purple
Soul RnB and Funk;Purple
Soul RnB and Funk;Purple
Soul RnB and Funk;Purple
Soul RnB and Funk;Purple
Soul RnB and Funk;Purple
Soul RnB and Funk;Purple
Soul RnB and Funk;Purple
Soul RnB and Funk;Red
Soul RnB and Funk;Red
Soul RnB and Funk;Red
Soul RnB and Funk;Red
Soul RnB and Funk;Red
Soul RnB and Funk;Red
Soul RnB and Funk;Red
Soul RnB and Funk;Red
Soul RnB and Funk;Red
Soul RnB and Funk;Red
Soul RnB and Funk;White
Soul RnB and Funk;White
Soul RnB and Funk;Yellow
Soul RnB and Funk;Yellow
Soul RnB and Funk;Yellow
Soul RnB and Funk;Yellow
Soul RnB and Funk;Yellow
World;Blue
World;Blue
World;Blue
World;Blue
World;Blue
World;Blue
World;Brown
World;Brown
World;Brown
World;Brown
World;Brown
World;Brown
World;Brown
World;Brown
World;Brown
World;Brown
World;Brown
World;Brown
World;Cyan
World;Cyan
World;Cyan
World;Cyan
World;Cyan
World;Grey
World;Grey
World;Grey
World;Grey
World;Grey
World;Grey
World;Green
World;Green
World;Green
World;Green
World;Green
World;Green
World;Green
World;Green
World;Green
World;Green
World;Green
World;Green
World;Green
World;Green
World;Orange
World;Orange
World;Orange
World;Orange
World;Orange
World;Orange
World;Orange
World;Orange
World;Orange
World;Pink
World;Purple
World;Purple
World;Purple
World;Purple
World;Purple
World;Purple
World;Red
World;Red
World;Red
World;Red
World;Red
World;Red
World;Red
World;Red
World;Red
World;Red
World;White
World;White
World;White
World;White
World;White
World;White
World;White
World;White
World;Yellow
World;Yellow
World;Yellow
World;Yellow
World;Yellow
World;Yellow
World;Yellow
World;Yellow
World;Yellow
World;Yellow
World;Yellow
World;Yellow
