date,Froment,Seigle,Orge,Avoine
05 mai 1520,1.5,0.81,0.63,0.88
02 juin 1520,1.75,0.94,0.75,1.13
07 juillet 1520,1.75,0.88,0.75,1.25
04 août 1520,1.75,0.88,0.75,1.25
01 septembre 1520,1.81,0.94,0.75,1.56
06 octobre 1520,2,1.38,1.25,1.75
03 novembre 1520,2.13,1.44,1.25,1.69
01 décembre 1520,2.13,1.56,1.25,1.75
05 janvier 1521,2.13,1.5,1.25,1.75
01 février 1521,2.06,1.38,1.38,1.77
02 mars 1521,2.1,1.44,1.5,1.75
06 avril 1521,2.13,1.5,1.56,1.69
04 mai 1521,3.13,,2,1.63
01 juin 1521,5,4,2.5,1.69
06 juillet 1521,5.25,2.5,1.5,1.31
03 août 1521,4.38,2.25,1.19,1
07 septembre 1521,3,2,1.13,1
05 octobre 1521,3.94,2.75,1.5,1.25
02 novembre 1521,4.75,3,2,1.31
07 décembre 1521,4.75,3,2,1.31
04 janvier 1522,4.5,3,2,1.38
01 février 1522,4.38,3.06,2.38,1.31
01 mars 1522,4.38,2.88,2,1.38
05 avril 1522,5,3.5,2.88,1.5
03 mai 1522,4.5,2.69,2.5,1.56
07 juin 1522,5,3,2.38,1.5
05 juillet 1522,5.75,2.75,2,1.63
02 août 1522,2.13,0.94,0..88,1.13
06 septembre 1522,1.75,1,0.81,1
04 octobre 1522,1.81,1,0.75,1.19
08 novembre 1522,1.67,1,0.88,1.19
06 décembre 1522,1.69,0.88,0.81,1.06
03 janvier 1523,1.67,0.88,0.75,1.06
07 février 1523,1.56,0.81,0.75,1.06
07 mars 1523,1.5,0.81,0.69,1.06
04 avril 1523,1.38,0.75,0.63,0.94
02 mai 1523,1.35,0.63,0.63,0.88
06 juin 1523,1.33,0.63,0.56,0.81
04 juillet 1523,1.25,0.63,0.63,0.81
01 août 1523,1.44,0.63,0.5,0.81
05 septembre 1523,1.35,0.69,0.5,0.75
03 octobre 1523,1.5,0.75,0.63,0.88
07 novembre 1523,1.5,0.75,0.63,0.94
05 décembre 1523,1.38,0.75,0.69,0.83
02 janvier 1524,1.88,0.88,0.88,1
06 février 1524,2.33,1.38,1.25,0.94
05 mars 1524,2.75,1.38,1.31,1.06
02 avril 1524,2.38,1.38,1.31,1
07 mai1524,4.25,2.75,2.19,1.13
04 juin 1524,4.25,2.68,2.25,1.35
02 juillet 1524,4,1.88,1.75,1.38
06 août 1524,4,2.75,1.5,1.31
03 septembre 1524,4.25,3.25,1.69,1.56
01 octobre 1524,5,3.13,2.31,1.63
05 novembre 1524,4.75,3.38,2.19,1.5
03 décembre 1524,4.63,3.25,2.25,1.56
07 janvier 1525,4.5,2.63,2.38,1.63
04 février 1525,4.17,2.5,2.13,1.44
04 mars 1525,4.25,2.75,2.5,1.56
01 avril 1525,4.17,3,2.5,1.38
06 mai 1525,3.5,2.44,2.13,1.06
03 juin 1525,3.63,2.13,1.75,1.25
01 juillet 1525,3.75,1.25,0.81,1.13
05 août 1525,1.88,0.94,0.81,0.94
02 septembre 1525,1.69,0.88,0.81,1.13
07 octobre 1525,1.75,0.81,0.81,1.13
04 novembre 1525,1.63,0.94,0.88,1.19
02 décembre 1525,1.69,1,0.88,1.25
06 janvier 1526,1.56,0.94,0.88,1.19
03 février 1526,1.63,0.75,0.75,1.13
03 mars 1526,1.63,0.88,0.75,1.19
07 avril 1526,1.5,0.81,0.75,1.13
05 mai 1526,1.48,0.69,0.63,1.06
02 juin 1526,1.44,0.63,0.69,1.02
07 juillet 1526,1.38,0.63,0.63,1.06
04 août 1526,1.25,0.69,0.63,1.06
01 septembre 1526,1.33,0.69,0.63,1.25
06 octobre 1526,1.44,0.81,0.75,1.31
03 novembre 1526,1.5,0.75,0.81,1.44
01 décembre 1526,1.5,0.88,0.77,1.38
05 janvier 1527,1.5,0.83,0.81,1.38
01 février 1527,1.5,0.81,0.75,1.25
02 mars 1527,1.5,0.94,0.88,1.38
06 avril 1527,1.56,0.94,1,1.38
04 mai 1527,1.56,0.88,1,1.5
01 juin 1527,1.75,1.13,1.06,1.63
06 juillet 1527,1.75,1.06,0.94,1.75
03 août 1527,1.88,0.94,0.75,1.5
07 septembre 1527,1.88,1,0.88,1.13
05 octobre 1527,2.5,1.5,1.13,1.38
02 novembre 1527,2.75,1.88,1.56,1.69
07 décembre 1527,2.73,1.63,1.38,1.38
04 janvier 1528,2.38,1.5,1.5,1.31
01 février 1528,2.13,1.5,1.25,1.25
07 mars 1528,2.31,1.5,1.31,1.38
04 avril 1528,2.19,1.44,1.25,1.25
02 mai 1528,2.19,1.38,1.25,1.19
06 juin 1528,2.25,1.25,1.06,1.23
04 juillet 1528,2.19,1.31,1.06,1.06
01 août 1528,2.19,1.25,1,1
05 septembre 1528,3.06,2,1.38,1.31
03 octobre 1528,3.31,2.63,1.5,1.38
07 novembre 1528,3.75,3,2.06,1.63
05 décembre 1528,3.5,2.19,1.75,1.5
02 janvier 1529,3.63,2.38,2,1.5
06 février 1529,3.63,2.38,1.88,1.5
06 mars 1529,3.5,2,1.88,1.38
03 avril 1529,3.52,2.06,1.81,1.38
05 mai 1529,4.63,3,2.5,1.75
02 juin 1529,4.5,2.63,2.5,1.75
03 juillet 1529,4.67,3,1.5,1.81
07 août 1529,4,1.81,2,1.5
04 septembre 1529,3.38,2.13,1.5,1.5
02 octobre 1529,3.5,2.81,1.5,1.63
06 novembre 1529,3.75,3,1.88,1.75
04 décembre 1529,3.63,2.38,2,1.56
08 janvier 1530,3.92,2.88,2,1.5
05 février 1530,3.69,2.5,2,1.63
05 mars 1530,3.63,2.5,2.13,1.63
02 avril 1530,3.13,2.19,1.63,1.56
07 mai 1530,3,2.38,1.63,1.5
04 juin 1530,3,2,1.63,1.63
02 juillet 1530,3.08,2.13,1.5,1.5
06 août 1530,3.04,2.06,1.56,1.75
03 septembre 1530,3.38,2.5,1.75,1.75
01 octobre 1530,3.63,3,2,1.94
05 novembre 1530,3.75,2.75,2,2
03 décembre 1530,3.63,2.56,2,2
07 janvier 1531,3.75,2.63,2.06,2.19
04 février 1531,3.63,,2.06,2.19
04 mars 1531,3.75,2.75,2.19,2
01 avril 1531,3.88,2.75,2.31,2
06 mai 1531,5.69,3.5,3.75,2
03 juin 1531,5.75,4.25,3.75,2.06
01 juillet 1531,6,3.75,3,1.63
05 août 1531,4.13,2.63,1.75,1.75
02 septembre 1531,4.38,3,2.13,1.75
07 octobre 1531,5.25,4,2.5,2.5
04 novembre 1531,5.25,4,3.13,2
02 décembre 1531,5.5,3.56,2.94,2.13
06 janvier 1532,5.25,3.5,3,2.25
03 février 1532,4.63,3,2.5,2.06
02 mars 1532,5.19,2.94,3,2
06 avril 1532,4.75,3,3,2
04 mai 1532,4.25,3.5,2.75,2
01 juin 1532,4,2.44,2,2.25
06 juillet 1532,3.5,2,1.25,1.66
03 août 1532,2.75,1.75,1,1.5
07 septembre 1532,2.63,1.56,1,1.56
05 octobre 1532,3,2.06,1.06,1.75
02 novembre 1532,2.63,1.88,1.13,1.63
07 décembre 1532,2.88,1.88,1.19,1.81
04 janvier 1533,2.88,1.75,1.13,1.69
01 février 1533,2.5,1.25,0.81,1.5
01 mars 1533,2.5,1.5,1,1.44
05 avril 1533,2,1.06,0.88,1.5
03 mai 1533,2.13,1.38,0.94,1.56
07 juin 1533,2.25,1.25,1,1.59
05 juillet 1533,2.44,1,0.81,1.5
 2 août 1533,2.5,1.13,0.75,1.38
06 septembre 1533,2.25,1.25,0.69,1.13
04 octobre 1533,2.38,1.38,0.75,1.44
05 novembre 1533,2.13,1.38,0.94,1.25
06 décembre 1533,2.17,1,0.81,1.13
03 janvier 1534,2.1,1,0.81,1.25
07 février 1534,2.06,1.06,0.81,1.25
07 mars 1534,2.06,1,0.75,0.81
04 avril 1534,2,0.81,0.81,1.13
02 mai 1534,1.75,1,0.69,1.19
06 juin 1534,2,0.88,0.75,1.31
04 juillet 1534,2,1,0.81,1.56
01 août 1534,2,0.88,0.88,2
05 septembre 1534,2,1.06,0.94,1.56
03 octobre 1534,2.13,1.13,0.94,1.63
07 novembre 1534,1.88,1,1,1.75
05 décembre 1534,1.94,1,1,1.56
02 janvier 1535,1.94,1.06,0.94,1.75
06 février 1535,2,1.06,1.13,1.88
06 mars 1535,1.88,0.94,1,1.69
03 avril 1535,1.69,1.06,1.06,1.63
01 mai 1535,1.69,1,0.94,1.63
05 juin 1535,1.75,1,1,1.44
03 juillet 1535,2,1.19,1,1.25
07 août 1535,2.13,1,0.75,1.13
04 septembre 1535,2.5,1.44,1,1.25
02 octobre 1535,2.75,1.63,1.06,1.25
06 novembre 1535,3.08,1.75,1.31,1.38
04 décembre 1535,2.88,1.69,1.31,1.25
01 janvier 1536,2.92,1.75,1.31,1.31
05 février 1536,2.98,1.75,1.38,1.19
04 mars 1536,3.44,2.13,1.56,1.25
01 avril 1536,3.35,2.06,1.56,1.31
06 mai 1536,3.13,1.88,1.44,1.63
03 juin 1536,3.13,1.88,1.5,1.56
01 juillet 1536,3.15,1.69,0.94,1.5
05 août 1536,3,1.88,1.25,1.44
02 septembre 1536,3,1.75,1.06,1.19
07 octobre 1536,2.56,1.94,1.25,1.44
04 novembre 1536,2.69,1.88,1.19,1.38
02 décembre 1536,2.63,1.75,1.25,1.31
06 janvier 1537,2.67,1.94,1.31,1.41
03 février 1537,2.69,1.88,1.25,1.31
03 mars 1537,2.69,1.63,1.25,1.42
07 avril 1537,2.63,1.88,1.25,1.38
05 mai 1537,2.38,1.38,1.13,1.31
09 juin 1537,2.1,1.31,1,1.5
07 juillet 1537,2.06,1.13,1.06,1.56
01 août 1537,2.13,1.25,0.94,1.88
01 septembre 1537,1.85,1.06,0.81,1.5
06 octobre 1537,2,1.13,0.94,1.6
03 novembre 1537,1.75,1.13,1,1.63
01 décembre 1537,2.02,1.13,1,1.5
05 janvier 1538,1.98,1.06,0.94,1.56
01 février 1538,1.77,1,1,1.47
02 mars 1538,1.92,1.13,0.81,1.56
06 avril 1538,1.75,0.94,0.81,1.31
04 mai 1538,2.03,1.13,1,1.5
01 juin 1538,1.94,1,0.88,1.38
06 juillet 1538,2.38,1.38,1.06,1.38
03 août 1538,2.5,1.5,1.06,1.44
07 septembre 1538,2.38,1.38,0.94,1.5
05 octobre 1538,2.88,1.81,1.13,1.56
02 novembre 1538,2.54,1.69,1.25,1.5
07 décembre 1538,3.25,2,1.69,1.75
04 janvier 1539,3.42,2.44,1.88,1.88
01 février 1539,3.13,2.06,1.63,1.75
01 mars 1539,3.25,2.13,1.81,1.81
05 avril 1539,3.38,2.5,2.25,2.25
03 mai 1539,4.13,2.63,2.5,3.5
07 juin 1539,3.75,2.5,2.06,3.25
05 juillet 1539,3.33,1.75,1.13,2.75
02 août 1539,3.08,1.88,1.25,2
06 septembre 1539,2.67,1.69,1.13,1.75
04 octobre 1539,2.79,1.88,1.5,2.13
05 novembre 1539,2.75,1.94,1.5,2.25
06 décembre 1539,2.94,1.94,1.38,2.38
03 janvier 1540,2.92,2.06,1.5,2.19
07 février 1540,2.66,1.63,1.25,1.81
06 mars 1540,2.5,1.63,1.13,1.69
03 avril 1540,2.38,1.5,1.13,1.56
01 mai 1540,2.04,1.25,1.06,1.56
05 juin 1540,2.04,1,0.81,1.44
03 juillet 1540,2,1.13,0.81,1.31
07 août 1540,2.08,1.13,1,1.5
04 septembre 1540,2.13,1.25,0.88,1.56
02 octobre 1540,2.58,1.5,1.19,1.81
06 novembre 1540,2.5,1.44,1.19,1.94
04 décembre 1540,2.5,1.44,1.25,1.63
01 janvier 1541,2.38,1.44,1.13,1.56
05 février 1541,2.44,1.38,1.13,1.75
05 mars 1541,2.38,1.25,1.25,1.56
02 avril 1541,2.33,1.38,1.13,1.69
07 mai 1541,2.25,1.13,1.06,1.69
04 juin 1541,2.42,1.5,1.31,1.75
02 juillet 1541,2.56,1.31,1.06,1.81
06 août 1541,2.5,1.56,1.19,1.63
03 septembre 1541,2.67,1.44,1.06,1.5
01 octobre 1541,2.75,1.56,1.13,1.56
05 novembre 1541,3,2,1.38,1.63
03 décembre 1541,3.06,1.88,1.44,1.63
07 janvier 1542,3,1.69,1.31,1.63
04 février 1542,3,1.38,1.25,1.56
04 mars 1542,3,1.75,1.25,1.63
01 avril 1542,2.92,1.56,1.31,1.56
06 mai 1542,3,1.5,1.25,1.63
03 juin 1542,3.13,1.88,1.29,1.63
01 juillet 1542,3,1.56,1.31,1.63
05 août 1542,3.08,1.38,0.94,1.5
02 septembre 1542,2.88,1.38,0.88,1.44
07 octobre 1542,2.75,1.44,1,1.31
04 novembre 1542,2.5,1.44,1.13,1.44
02 décembre 1542,2.5,1.5,1.13,1.39
06 janvier 1543,2.5,1.5,1.06,1.38
03 février 1543,2.38,1.31,1,1.5
03 mars 1543,2.42,1.19,0.88,1.38
07 avril 1543,2.4,1.31,1.06,1.44
05 mai 1543,2.29,1.38,1,1.44
02 juin 1543,2.33,1.44,1,1.44
07 juillet 1543,2.56,1.38,1,1.38
04 août 1543,2.67,1.38,0.94,1.5
01 septembre 1543,2.88,1.63,1.25,1.75
06 octobre 1543,3.08,2.19,1.63,1.88
03 novembre 1543,3.38,2.25,1.69,2.13
01 décembre 1543,3.63,2.38,1.69,2.31
05 janvier 1544,3.42,2.25,1.75,2.06
01 février 1544,3.42,2.25,1.75,2.19
01 mars 1544,3.67,2.44,1.88,2.13
05 avril 1544,3.75,2.75,2.08,2.29
03 mai 1544,3.75,2.5,1.75,2.25
07 juin 1544,3.5,2.5,1.81,2.31
05 juillet 1544,3.5,2.5,1.5,2.56
02 août 1544,3.46,2.25,1.5,2.31
06 septembre 1544,3.71,2.38,1.56,1.94
04 octobre 1544,4.38,3,2,2.19
05 novembre 1544,4.5,3,2.38,2.75
06 décembre 1544,4.42,2.75,2,2.5
03 janvier 1545,4.29,2.94,2.25,2.31
07 février 1545,4.17,2.88,2,2.15
07 mars 1545,4,2.63,1.63,2
04 avril 1545,3.75,2.31,1.5,1.75
02 mai 1545,3.58,2,1.25,1.75
06 juin 1545,4.08,2.69,1.81,2
04 juillet 1545,4.13,2.63,1.56,2
01 août 1545,4.5,3,1.69,1.9
05 septembre 1545,4.58,2.88,1.63,2
03 octobre 1545,5.13,3.5,1.88,2.13
07 novembre 1545,5.63,3.5,2.19,2.25
05 décembre 1545,5.38,3.38,2.38,2.31
02 janvier 1546,5.58,3.5,2.63,2.31
06 février 1546,5.5,3.75,2.88,2.25
06 mars 1546,6.5,4.63,4.13,2.69
03 avril 1546,7.75,5.75,4.88,4.06
01 mai 1546,7.5,5.5,4.25,3.88
05 juin 1546,9.5,8,6.25,4.56
03 juillet 1546,9,5,2.88,4.25
07 août 1546,5.75,2.25,1.88,3
04 septembre 1546,4.5,2.25,1.63,2.25
02 octobre 1546,4.5,2.63,1.69,2.5
06 novembre 1546,3.5,2.13,1.63,2.5
04 décembre 1546,3.38,2,1.5,2.38
05 mars 1547,2.79,1.38,1.19,2.13
02 avril 1547,2.38,1.25,1,1.69
07 mai 1547,2.5,1.25,1,1.88
04 juin 1547,2.29,1.25,1.25,2.13
02 juillet 1547,2.44,1.25,1.31,2.29
06 août 1547,2.44,1.38,1.5,2.38
03 septembre 1547,2.25,1.25,1.25,2.38
01 octobre 1547,2.56,1.38,1.44,2.38
05 novembre 1547,2.44,1.44,1.38,2.5
03 décembre 1547,2.67,1.44,1.38,2.38
07 janvier 1548,2.67,1.5,1.38,2.25
04 février 1548,2.75,1.38,1.5,2.25
03 mars 1548,2.67,1.38,1.4,2.4
07 avril 1548,2.63,1.5,1.38,2.06
05 mai 1548,2.83,1.38,1.5,2
02 juin 1548,2.9,1.63,1.5,2.19
07 juillet 1548,2.75,1.5,1.44,1.63
04 août 1548,2.83,1.38,0.94,1.63
01 septembre 1548,2.75,1.44,1.25,1.63
06 octobre 1548,2.79,1.75,1.38,2.06
03 novembre 1548,2.75,1.75,1.5,2.13
01 décembre 1548,2.92,1.88,1.31,1.94
05 janvier 1549,2.88,1.75,1.44,2.13
01 février 1549,2.75,1.63,1.4,2.06
02 mars 1549,2.88,1.88,1.38,1.9
06 avril 1549,2.75,1.75,1.38,2
04 mai 1549,2.75,1.63,1.5,2.19
01 juin 1549,2.67,1.63,1.5,2.31
06 juillet 1549,2.83,1.56,1.5,2.13
03 août 1549,3.13,1.75,1.25,2.13
07 septembre 1549,3.21,1.75,1.38,1.94
05 octobre 1549,3.75,2.31,1.63,2
02 novembre 1549,3.75,2.38,1.63,2.38
07 décembre 1549,4.54,2.5,1.88,2.25
04 janvier 1550,4.67,2.75,1.9,2.13
01 février 1550,4.38,2.38,1.81,2
01 mars 1550,4.5,2.5,1.85,2.13
05 avril 1550,4.17,2.75,2,2.2
03 mai 1550,4.25,2.75,2.25,2.5
07 juin 1550,3.88,2.69,2,2.88
05 juillet 1550,4.42,2.75,2.06,3.13
02 août 1550,3.92,2,1.75,3.13
06 septembre 1550,3.5,2,1.56,2.44
04 octobre 1550,3.33,2,1.69,2.56
05 novembre 1550,3.38,2,1.56,2.63
06 décembre 1550,3.5,2.13,1.63,2.31
03 janvier 1551,3.67,2.13,1.75,2.38
04 février 1551,3.58,2.25,1.75,2.5
04 mars 1551,3.63,2.13,1.75,2.5
01 avril 1551,3.25,2,1.75,2.5
02 mai 1551,3.25,1.88,1.88,2.25
03 juin 1551,3.44,2.25,1.88,2.25
01 juillet 1551,3.58,2.25,1.75,1.75
01 août 1551,4.58,2.5,1.31,1.63
02 septembre 1551,4.83,2.63,1.75,2
03 octobre 1551,5.58,3.63,2.31,2.5
04 novembre 1551,5.02,4.13,2.25,2.5
02 décembre 1551,5.58,4,2.5,2.25
02 janvier 1552,5.75,3.75,2.75,2.25
03 février 1552,5.92,4.13,3,2.31
02 mars 1552,5.5,4,3.25,2.63
02 avril 1552,5.25,3.75,3,2.88
04 mai 1552,5,3.63,2.75,2.75
01 juin 1552,4.58,3,2.13,2.75
02 juillet 1552,4.83,2.38,1.5,2.63
03 août 1552,4.25,2.5,1.5,2.56
03 septembre 1552,3.83,2.25,1.38,2.25
01 octobre 1552,3.88,2.5,1.69,2.56
02 novembre 1552,3.92,2.5,1.63,2.31
03 décembre 1552,3.88,2.13,1.5,2.25
04 janvier 1553,3.67,2,1.63,2.25
01 février 1553,3.75,2,1.63,2.25
01 mars 1553,3.5,2,1.63,2.38
01 avril 1553,3.58,2,1.63,2.56
03 mai 1553,3.63,2.25,2,2.75
03 juin 1553,4,2.69,2.19,3.25
01 juillet 1553,4.42,3.25,2,3.38
02 août 1553,4,2.38,1.5,3.19
02 septembre 1553,3.46,2.13,1.63,2.75
04 octobre 1553,3.75,2.63,1.63,2.75
04 novembre 1553,3.75,2.88,1.81,3
02 décembre 1553,3.75,2.5,1.88,3
03 janvier 1554,3.75,2.5,1.75,3.75
03 février 1554,3.5,2.25,1.75,2.75
03 mars 1554,3.5,2.25,1.75,2.88
03 avril 1554,3.25,2,1.56,2.5
02 mai 1554,3.21,2,1.5,2.5
02 juin 1554,3.33,2.19,1.88,2.69
04 juillet 1554,3.29,1.88,1.44,2.63
01 août 1554,3,1.81,1.38,2.31
01 septembre 1554,2.88,1.88,1.5,2.34
03 octobre 1554,3,2,1.5,2.63
03 novembre 1554,3,1.88,1.63,2.81
01 décembre 1554,2.75,1.88,1.5,2.63
02 janvier 1555,3,2,1.5,2.88
01 février 1555,2.75,1.75,1.38,2.75
02 mars 1555,2.83,1.63,1.63,2.75
03 avril 1555,2.67,1.56,1.5,2.63
01 mai 1555,2.75,1.75,1.63,2.69
01 juin 1555,2.67,1.75,1.56,2.56
03 juillet 1555,2.83,1.56,1.5,2.5
03 août 1555,2.83,1.88,1.75,2.6
04 septembre 1555,3.42,2.13,1.88,2.63
02 octobre 1555,3.58,2.38,1.75,2.38
03 novembre 1555,4,2.63,1.75,2.5
04 décembre 1555,4.25,2.75,2.13,2.75
01 janvier 1556,4.38,2.88,2.13,2.5
01 mai 1557,6,4.63,3.25,4
02 juin 1557,6,4.5,3.25,4.25
03 juillet 1557,6.13,3.5,2.25,3.75
04 août 1557,6,2.25,1.38,2.38
01 septembre 1557,3.5,1.75,1.38,2.06
02 octobre 1557,4.13,2.38,1.5,2.63
03 novembre 1557,3.5,2.13,1.5,2.63
01 décembre 1557,3.33,1.88,1.38,2.38
01 janvier 1558,9,6.38,5.5,7
01 février 1558,9,6.25,5.25,6.88
02 mars 1558,9.25,6.25,6,7.25
02 avril 1558,11.63,8.5,7.25,7
04 mai 1558,11.25,6.25,6,6.75
01 juin 1558,8,3.38,3.63,6.25
02 juillet 1558,6,2.75,2.25,4.5
03 août 1558,5.13,2.4,1.9,3.88
03 septembre 1558,5.25,2.5,1.8,4
01 octobre 1558,5.42,3,1.9,4.6
02 novembre 1558,4.88,2.8,2.1,4.5
03 décembre 1558,5.25,2.25,1.9,4.5
04 janvier 1559,4.75,2.5,2,4
01 février 1559,4.88,2.8,2.1,4.3
01 mars 1559,5.5,3,2.2,4.3
01 avril 1559,5.54,3,2.5,4.25
03 mai 1559,5.75,2.8,3,4.25
03 juin 1559,6,3.6,3,4.25
01 juillet 1559,5.83,2.8,2.7,3.75
02 août 1559,5.75,3,2.25,3.5
02 septembre 1559,6,3.5,2.1,3.1
04 octobre 1559,5.92,3.5,2.2,3.5
04 novembre 1559,5.25,3.5,2.5,3.35
02 décembre 1559,5.63,3.15,2.3,3.35
03 janvier 1560,5.38,3.5,2.3,3.25
03 février 1560,5.65,3,2.3,3.6
02 mars 1560,5.33,3,2.2,3.5
03 avril 1560,5.33,3,2.2,3.2
01 mai 1560,5.5,3,2.2,3.2
01 juin 1560,5.25,3.5,2.5,3.4
03 juillet 1560,4.88,2.4,2.3,2.9
03 août 1560,5.58,2.65,1.95,3.2
04 septembre 1560,5.58,3,2,3.15
02 octobre 1560,5.88,4,2.4,3.6
02 novembre 1560,5.88,4.25,2.7,4
04 décembre 1560,6,3.75,2.8,4
"01,janvier 1561",4.25,2.25,1.63,2.19
01 février 1561,4.13,2.13,1.63,2.41
01 mars 1561,4.44,2.13,1.75,2.28
02 avril 1561,4,2.13,1.75,2.28
03 mai 1561,4.25,2.13,1.88,2.41
04 juin 1561,4.38,2.13,1.9,3.15
02 juillet 1561,3.92,2,1.63,2.44
02 août 1561,4.21,2.5,1.81,2.63
03 septembre 1561,4.75,2.5,1.88,3.15
01 octobre 1561,5.88,4,2.75,3.61
05 novembre 1561,5.63,3.63,2.5,3.41
03 décembre 1561,5.25,3.13,2.5,3.15
03 janvier 1562,5.4,3.38,2.5,3.32
04 février 1562,5.75,3.88,3,3.59
04 mars 1562,5.5,3.5,3,3.5
01 avril 1562,5.63,3.63,2.88,3.5
02 mai 1562,5.5,3.38,2.63,3.5
03 juin 1562,5.63,3.25,2.13,3.68
01 juillet 1562,6,4,2.38,3.5
01 août 1562,6.5,3.75,2.63,3.32
02 septembre 1562,6.33,4,2.75,2.63
03 octobre 1562,7.17,5.38,3.13,3.17
04 novembre 1562,7.25,5.63,3.5,2.97
02 décembre 1562,9,6,4.25,4.38
02 janvier 1563,8.5,5.75,5,3.68
03 février 1563,8.5,5.38,4.75,3.32
03 mars 1563,7.75,5.25,4.75,3.06
03 avril 1563,7.83,4.88,4.38,3.06
01 mai 1563,8.25,5.63,5,3.5
02 juin 1563,8.46,5,4.13,3.32
03 juillet 1563,8,4.38,3.38,3.5
04 août 1563,5.5,2.88,2,3.17
01 septembre 1563,5.25,3,2,3.5
02 octobre 1563,5.17,3.38,2,3.94
03 novembre 1563,4.63,2.88,2.5,3.72
01 décembre 1563,4.5,2.5,2.25,3.68
01 janvier 1564,4.42,2.31,2.13,3.68
01 février 1564,4,2.13,2.15,3.59
01 mars 1564,4,2,1.9,3.5
01 avril 1564,3.63,1.75,1.75,3.32
03 mai 1564,3.33,2.5,1.88,2.88
03 juin 1564,3.75,2.13,2,3
01 juillet 1564,3.75,2.25,1.5,2.88
02 août 1564,4.17,1.88,1.25,2.63
02 septembre 1564,4.29,1.88,1.5,2.75
04 octobre 1564,4,2.25,1.63,2.9
04 novembre 1564,4.08,2.25,1.75,3
02 décembre 1564,4.08,1.92,1.75,2.75
03 janvier 1565,4.5,2.13,1.75,3.25
03 février 1565,4.25,2.25,1.9,2.9
03 mars 1565,4.75,2.25,2,3.15
04 avril 1565,4.5,2.75,2.19,3.13
02 mai 1565,5,2.88,2.63,3.25
02 juin 1565,6.38,4,3.25,3.5
04 juillet 1565,6.33,3.75,3.5,3.75
01 août 1565,6.67,4.25,3.38,3.38
01 septembre 1565,9.75,5.38,4,4
03 octobre 1565,10.67,7.25,5.5,4.5
03 novembre 1565,9.75,6.5,5.5,4.13
01 décembre 1565,10.67,7.75,7,5
02 janvier 1566,10.75,8.25,7.5,5.38
01 février 1566,10.38,7.5,6.5,5
02 mars 1566,10.25,7.25,6.5,5
03 avril 1566,9.5,7.25,6,5
01 mai 1566,10.25,8,6.25,6.25
01 juin 1566,11.75,9,8,7.75
03 juillet 1566,18,8,5,6.25
03 août 1566,11,4,2.56,5
04 septembre 1566,8.33,4.25,3.25,4.38
02 octobre 1566,8.25,4,3.75,5.25
02 novembre 1566,7.25,4.38,3.63,5
04 décembre 1566,7.88,4.25,3.75,4.75
01 janvier 1567,7.75,4.5,3.75,4.63
01 février 1567,7.17,3.88,3.5,4.25
01 mars 1567,6.75,3.5,3.25,4.25
02 avril 1567,6,3.5,3.5,3.88
03 mai 1567,5.5,3.75,2.75,4
04 juin 1567,6.17,3.75,3.38,4.25
02 juillet 1567,6.1,4.13,3,4.75
02 août 1567,7.75,4,3.63,5.88
03 septembre 1567,7,4.25,3.63,6
01 octobre 1567,8.5,6.25,4.75,7
05 novembre 1567,15,8.75,6.5,9.5
03 décembre 1567,10,6.5,5,8.25
03 janvier 1568,9,6.38,5.5,7
04 février 1568,9,6.25,5.25,6.88
03 mars 1568,9.25,6.25,6,7.25
03 avril 1568,11.63,8.5,7.25,7
01 mai 1568,11.25,6.25,6,6.75
02 juin 1568,8,3.38,3.63,6.25
03 juillet 1568,6,2.75,2.25,4.5
04 août 1568,5.13,2.4,1.9,3.88
01 septembre 1568,5.25,2.5,1.8,4
02 octobre 1568,5.42,3,1.9,4.6
03 novembre 1568,4.88,2.8,2.1,4.5
01 décembre 1568,5.25,2.25,1.9,4.5
01 janvier 1569,4.75,2.5,2,4
01 février 1569,4.88,2.8,2.1,4.3
02 mars 1569,5.5,3,2.2,4.3
02 avril 1569,5.54,3,2.5,4.25
04 mai 1569,5.75,2.8,3,4.25
01 juin 1569,6,3.6,3,4.25
02 juillet 1569,5.83,2.8,2.7,3.75
03 août 1569,5.75,3,2.25,3.5
03 septembre 1569,6,3.5,2.1,3.1
01 octobre 1569,5.92,3.5,2.2,3.5
02 novembre 1569,5.25,3.5,2.5,3.35
03 décembre 1569,5.63,3.15,2.3,3.35
04 janvier 1570,5.38,3.5,2.3,3.25
01 février 1570,5.65,3,2.3,3.6
01 mars 1570,5.33,3,2.2,3.5
01 avril 1570,5.33,3,2.2,3.2
03 mai 1570,5.5,3,2.2,3.5
03 juin 1570,5.25,3.5,2.5,3.4
01 juillet 1570,4.88,2.4,2.3,2.9
02 août 1570,5.58,2.65,1.95,3.2
02 septembre 1570,5.58,3,2,3.15
04 octobre 1570,5.88,4,2.4,3.6
04 novembre 1570,5.88,4.25,2.7,4
02 décembre 1570,6,3.75,2.8,4
03 janvier 1571,6.25,4,3,4
03 février 1571,6.75,4.13,3.5,4.6
03 mars 1571,6.5,4.25,3.4,4.5
04 avril 1571,6,4,3.13,3.6
02 mai 1571,6,3.5,3,4
02 juin 1571,6.17,4.25,2.9,3.63
04 juillet 1571,6.42,3.75,2.8,3.7
01 août 1571,6.38,4,2.75,3.6
01 septembre 1571,7.58,5.25,3.25,4
03 octobre 1571,9.38,6.75,4.2,5
03 novembre 1571,8.75,6,4,4.5
01 décembre 1571,8.5,5.25,4,4.4
02 janvier 1572,8.33,5.25,3.75,4.25
01 février 1572,8.25,5.75,3.75,4.25
01 mars 1572,8,5,3.6,4
02 avril 1572,8.33,4.75,3.5,5
03 mai 1572,7.75,4.5,4,4.75
04 juin 1572,8,5,4,5.6
02 juillet 1572,7.5,3.9,3.1,5
02 août 1572,8.58,4.5,3.1,4.8
03 septembre 1572,9.33,5.38,3.75,6
01 octobre 1572,10.25,6.5,4,5.75
05 novembre 1572,9,5.75,4,5
03 décembre 1572,9,6.5,4,6.5
03 janvier 1573,9.25,6.5,4.5,6
04 février 1573,8.75,5.75,3.5,5.5
04 mars 1573,8.88,4.5,4.4,5.25
04 avril 1573,9,5.75,4.75,5.25
02 mai 1573,10.5,6.75,6.4,6.3
03 juin 1573,24,14,12,8.5
01 juillet 1573,20,10.5,8,8
01 août 1573,22.5,10,6.25,9
02 septembre 1573,22,10,7,6.25
03 octobre 1573,21,12.25,8.5,7
04 novembre 1573,19,10.5,8.88,7
02 décembre 1573,17.25,10.5,8.6,6.5
02 janvier 1574,18,10,9,8
03 février 1574,16,10,7.5,7.25
03 mars 1574,17.75,9.5,9.63,7.63
03 avril 1574,17.25,10,10,7.75
01 mai 1574,17,9.5,9,8
02 juin 1574,15,8.5,7.25,7
03 juillet 1574,14,7,6.25,5.5
04 août 1574,12.25,5,3.6,5.25
01 septembre 1574,10,6,4,5.25
02 octobre 1574,9.75,6,4,5.75
03 novembre 1574,7.5,4,3.33,5
01 décembre 1574,8,4.25,2.75,4.75
01 janvier 1575,8,4.5,3.4,5
01 février 1575,7.5,3.75,2.88,5
02 mars 1575,7.75,4.75,3,5.2
02 avril 1575,7.75,4,3,4.6
04 mai 1575,7.63,3.85,3.3,4.6
01 juin 1575,7.75,4,3,4
02 juillet 1575,8.25,4.25,3.25,4
03 août 1575,8.25,3.5,2.75,3.5
03 septembre 1575,6.6,3.25,2.4,3.5
01 octobre 1575,7,3.75,2.5,3.6
02 novembre 1575,6.63,4,2.8,4
03 décembre 1575,7,3.5,2.7,4.25
04 janvier 1576,7.5,4,2.8,4
01 février 1576,7.25,4,2.85,4
03 mars 1576,7.08,3.75,3,4
04 avril 1576,8.15,4.25,3.5,4.25
02 mai 1576,8.5,4,4,4.25
02 juin 1576,8.6,5,4,4.25
04 juillet 1576,8.25,4.5,3.25,4.2
01 août 1576,8.33,4.75,3.2,4.25
01 septembre 1576,9,5,3.5,3.9
03 octobre 1576,10,7.25,4,4
03 novembre 1576,9,6.5,3.75,4.25
01 décembre 1576,9.5,6.38,4,4.4
02 janvier 1577,9.5,6,4,4.2
01 février 1577,8.5,5.25,3.75,3.9
02 mars 1577,9,5.25,3.3,3.5
03 avril 1577,8.75,4,3.3,3.5
01 mai 1577,8,4.75,3.5,3.5
01 juin 1577,8.25,4.75,3.6,3.5
03 juillet 1577,8.33,4.75,3.4,3.6
03 août 1577,7,3.5,2.4,3
04 septembre 1577,7.13,3.25,2.4,3.25
02 octobre 1577,7.67,3.63,2.5,3.63
02 novembre 1577,7.25,4.75,4.1,5
04 décembre 1577,8.75,4.5,3.75,4.5
01 janvier 1578,9,3.75,3.4,4.63
01 février 1578,6.67,3.4,2.75,3.75
01 mars 1578,6.25,3.25,2.6,3.75
02 avril 1578,5.85,3.25,2.4,3.5
03 mai 1578,5.6,3,2.5,4
04 juin 1578,5.4,2.75,2.5,4.5
02 juillet 1578,6,2.75,2.7,4.25
02 août 1578,5.5,3,3.2,4.4
03 septembre 1578,5.75,3.5,3.25,4.4
01 octobre 1578,6.67,3.75,3.25,5
05 novembre 1578,5.63,3.38,3.25,4.8
03 décembre 1578,5.63,3.13,2.88,5
03 janvier 1579,5.75,3,2.9,4.75
04 février 1579,6.1,3,3,4.75
04 mars 1579,5.6,2.75,2.75,4.75
01 avril 1579,5.35,2.75,2.4,4.5
02 mai 1579,5.6,2.9,2.75,4
03 juin 1579,5.25,2.75,2.5,4.25
01 juillet 1579,6,2.5,2.5,4.63
01 août 1579,6,3.25,2.75,4.5
02 septembre 1579,6.5,3.4,2.75,4.6
03 octobre 1579,7.25,4.15,3.25,4.9
04 novembre 1579,6.63,4.5,3.25,4.9
02 décembre 1579,6.38,4,3.2,4.8
02 janvier 1580,6.5,3.63,3,4.6
03 février 1580,6,3.25,2.9,4.5
02 mars 1580,6.5,3.6,3,4.6
02 avril 1580,6.25,3,3.25,4.6
04 mai 1580,6.1,3.5,3.6,5
01 juin 1580,6.35,3.25,3.25,5.2
02 juillet 1580,6.6,3.25,3.25,5.1
03 août 1580,6,3,2.75,4.75
03 septembre 1580,6.25,3.4,2.65,4.5
01 octobre 1580,7,3.5,2.5,4.63
05 novembre 1580,6,3.75,2.5,4
03 décembre 1580,6,3.5,2.5,4.25
04 janvier 1581,5.9,3,2.5,4.75
01 février 1581,5.75,3,2.7,4
01 mars 1581,6.1,2.9,2.5,3.75
01 avril 1581,6.25,2.9,2.75,4.25
03 mai 1581,6,2.75,2.3,3.9
03 juin 1581,6.35,2.75,2.5,4
01 juillet 1581,6.35,3,2.6,4
02 août 1581,6.38,3.5,2.6,3.5
02 septembre 1581,6.5,3.75,2.7,4.6
04 octobre 1581,6.63,4.5,2.75,4.6
04 novembre 1581,6.5,3.5,3,4.8
02 décembre 1581,6.5,3.5,2.75,5.2
03 janvier 1582,6.75,3.5,2.9,4.9
03 février 1582,6.6,3.25,2.9,4.75
03 mars 1582,6.5,3.25,2.8,4.75
04 avril 1582,6.6,3.25,3,4.75
02 mai 1582,6.35,3.5,3,4.8
02 juin 1582,7.5,3.6,3.25,4.8
04 juillet 1582,7.25,3.75,3,5
01 août 1582,7.63,4.5,3.5,4.75
01 septembre 1582,8.25,6,4,5.25
03 octobre 1582,8.33,6,3,4.25
03 novembre 1582,9.25,5.5,4.75,4.6
05 décembre 1582,9.5,6.25,4,4.5
01 janvier 1583,9.5,5.75,4.5,5.25
01 février 1583,10.5,6,4.6,5.25
02 mars 1583,10.38,6.25,5,4.5
02 avril 1583,11.25,7.25,6.38,5.25
04 mai 1583,10.25,6,5.25,5.1
01 juin 1583,10,6,5,5.25
02 juillet 1583,10.5,6,5,5.4
03 août 1583,9.75,6.25,5.25,5.3
03 septembre 1583,10.5,6.75,5,5.25
01 octobre 1583,10.75,8,5.25,6.25
02 novembre 1583,10.25,8.25,5.75,6.25
03 décembre 1583,10.5,7,5.25,6.4
04 janvier 1584,10.5,7,5.5,7
01 février 1584,10.5,6.25,6,7.25
03 mars 1584,10.25,6.5,5.25,6.8
04 avril 1584,9.5,5.75,5.5,6.25
02 mai 1584,9.17,5.25,5,5.6
02 juin 1584,9,5.25,5.25,6.5
04 juillet 1584,8.5,4.5,4.75,6.1
01 août 1584,8.5,4,4,5
01 septembre 1584,8.6,4,3,4.75
03 octobre 1584,9,4.5,3.75,5.63
03 novembre 1584,8.33,4.5,3.38,5.75
01 décembre 1584,7.75,3.75,3,5
02 janvier 1585,7.5,4.25,3,4.8
01 février 1585,7,3.5,3,5
02 mars 1585,7.25,3.75,3,5
03 avril 1585,8.75,5,3.25,6.25
01 mai 1585,7,3.75,3.25,4.8
01 juin 1585,7,3.75,3.5,4.75
03 juillet 1585,8,4.25,4,4.75
03 août 1585,8.32,3.75,3.5,4.5
04 septembre 1585,8.88,4,3,4.6
02 octobre 1585,9.25,4.75,3.5,4.5
02 novembre 1585,10.25,5.75,4.25,5
04 décembre 1585,10.63,5.25,3.75,5
01 janvier 1586,10.25,5,4.5,5.25
01 février 1586,10.75,6,3.75,4.75
01 mars 1586,10.75,6.75,4.5,4.63
02 avril 1586,12.5,7.25,7,6
03 mai 1586,15,9,8,6.75
04 juin 1586,16.75,10.63,9,8
02 juillet 1586,16.5,12,9,8
02 août 1586,17,10,7,8
03 septembre 1586,16,10,7,6
01 octobre 1586,18,16,10,7.25
05 novembre 1586,18,15,11,8
03 décembre 1586,17.75,13.5,10.25,7.75
03 janvier 1587,17.5,12.75,10.75,8
04 février 1587,17,13,11.5,7.5
04 mars 1587,18.5,12.5,12,8
01 avril 1587,20.5,15,14,9.25
02 mai 1587,23,17,15.75,10.5
03 juin 1587,27,21,18.5,11.5
01 juillet 1587,30.5,22,15.5,13
01 août 1587,36,13,10,14
02 septembre 1587,14,10,6.5,9
03 octobre 1587,15,10,6.5,8
04 novembre 1587,14.75,10,6.25,9
02 décembre 1587,13,9,7,9.75
02 janvier 1588,12.13,7,5.75,10
03 février 1588,9.75,7,5,8.5
02 mars 1588,9.75,6.5,5.25,8
02 avril 1588,8.13,4.25,4,6.25
04 mai 1588,7.5,4.25,3.5,4.75
01 juin 1588,6.75,4,3,5
02 juillet 1588,7,4,3,5.5
03 août 1588,7.75,3.75,3,4.25
03 septembre 1588,7.88,4.38,3.13,5
01 octobre 1588,7.75,4.75,3.13,5.75
02 novembre 1588,7.13,4.5,3.5,5
03 décembre 1588,7.25,4,3,5.25
04 janvier 1589,9,4.5,3.5,5.25
01 février 1589,7.38,4.25,3,4.5
01 mars 1589,7.5,4.25,2.75,4.75
01 avril 1589,7.38,3.75,3,5
03 mai 1589,9.5,6.25,4.5,5.6
03 juin 1589,9.5,6,4.25,6.25
01 juillet 1589,11,6.25,4,6.25
02 août 1589,12,7.25,5.5,6.5
02 septembre 1589,12.75,8,6,5.38
04 octobre 1589,13.5,8.5,5.5,6
04 novembre 1589,15.5,10.5,6.25,8
02 décembre 1589,17.5,12,8.75,7
03 janvier 1590,17,11.5,9,7.75
03 février 1590,16.5,11,9,7.5
03 mars 1590,16.5,13,10,7.5
04 avril 1590,20,14,12,8.5
02 mai 1590,30,20,16,8
02 juin 1590,24,18,,7.5
04 juillet 1590,,,,8.75
01 septembre 1590,90,42,36,16
03 octobre 1590,26,16,12,15
03 novembre 1590,24,15,14,17
01 décembre 1590,31.5,18.5,14,18
02 janvier 1591,45,22.5,25.5,25.5
02 février 1591,42,30,24,27
02 mars 1591,42,30,24,25
03 avril 1591,36,21,19,19
01 mai 1591,38,,16,16.25
05 juin 1591,36,,21,18
03 juillet 1591,28.5,20,16,17
03 août 1591,22.5,12,10,12
04 septembre 1591,22.5,16,11,12
02 octobre 1591,24,18,12,12
02 novembre 1591,24,19,12,13
04 décembre 1591,24,12,13,18
04 janvier 1592,22,12,9.5,14
01 février 1592,20,11,11,11
04 mars 1592,20,11,9,10
04 avril 1592,19,10,9.25,10
02 mai 1592,20,9,6.5,8
03 juin 1592,20,12,7.5,9
01 juillet 1592,19,11,8,8
01 août 1592,18,9.5,6.5,7
02 septembre 1592,18,10.25,6.6,7.35
03 octobre 1592,18,13,8,8
04 novembre 1592,18,12.25,7,9
02 décembre 1592,18,12,12,9
02 janvier 1593,18,11,9,10
03 février 1593,18,11.75,9,10
03 mars 1593,18,13.25,10,10
03 avril 1593,18,,11,10.5
01 mai 1593,29,16.5,14,10.5
02 juin 1593,26,15,13,11
03 juillet 1593,23,15,11,10.5
04 août 1593,21,10,7,10
01 septembre 1593,16.5,9.5,6,9
02 octobre 1593,15.5,9.25,6,9
03 novembre 1593,14.75,9.5,6,9.5
01 décembre 1593,15.5,9,6.5,8
05 janvier 1594,18,10,7,9.25
01 février 1594,20.5,11.5,8,9.5
02 mars 1594,20,11.5,9,11.5
02 avril 1594,13.75,7,5,8
04 mai 1594,15,8,5,7
01 juin 1594,13.25,7.5,6,7
02 juillet 1594,13,6.5,4.5,6.75
03 août 1594,13.5,6.5,6,6.5
03 septembre 1594,13.75,6.5,4,6
01 octobre 1594,13.5,9,4.5,6.5
02 novembre 1594,13.75,9.5,5.25,7
03 décembre 1594,13.5,9.25,6.5,7
04 janvier 1595,14.75,11,7.5,7.5
01 février 1595,17.5,10.5,8.5,8
01 mars 1595,19.5,13,9.25,8.5
01 avril 1595,18,12.5,9.5,8.75
03 mai 1595,19.25,13,12.5,9.5
03 juin 1595,23.5,16,14,11
01 juillet 1595  ,18.25,11,9.5,10
02 août 1595,17.75,10,9.5,9.5
02 septembre 1595,15.5,9,6.75,7.5
04 octobre 1595,16.5,13,8.5,8.75
04 novembre 1595,16.63,13,9,9
02 décembre 1595,16.5,11.5,9.5,9.5
03 janvier 1596,17,12.5,10,9.5
03 février 1596,19,13.5,11,10.25
02 mars 1596,21.63,15,12.5,11.75
03 avril 1596,19,13.5,9.5,10.5
01 mai 1596,15,9.5,7.75,8.5
01 juin 1596,15,9,8,8.5
03 juillet 1596,18,12,10.5,9
03 août 1596,28.5,9,7,9
04 septembre 1596,17,8,5,6
02 octobre 1596,16,10,5.75,6.5
02 novembre 1596,15.75,8.5,5.25,7.25
04 décembre 1596,17,9,5.6,7.5
01 janvier 1597,17.5,8,6,7.5
01 février 1597,18,9.25,7,8
01 mars 1597,19,11.5,8.5,9.25
02 avril 1597,20,12,8.5,9.5
03 mai 1597,20,13,9.5,9.5
04 juin 1597,20.5,14,12,11.25
02 juillet 1597,20,14,11.75,11.75
02 août 1597,19,9,6,12
03 septembre 1597,16,9,6.5,8.75
01 octobre 1597,15.75,9,6,12
05 novembre 1597,16.5,12,8.25,9.75
03 décembre 1597,16.75,12,8.5,9.5
03 janvier 1598,16.63,12,8.5,9.5
04 février 1598,17,12,8.5,9.5
04 mars 1598,17,11.75,8.25,10
01 avril 1598,16,10.5,7.75,8.75
02 mai 1598,16.25,11.5,8,9.25
03 juin 1598,14.63,9.5,7.25,8.25
01 juillet 1598,14,8.5,6,6
01 août 1598,13.75,7,5,5.38
02 septembre 1598,14,7,5.5,5.75
03 octobre 1598,14.5,7.75,5,6.5
04 novembre 1598,11.25,6.25,4.75,6
02 décembre 1598,12.25,5.5,5,6.25
02 janvier 1599,12,5.5,4.5,5.5
03 février 1599,12,5,4,5.75
03 mars 1599,11.63,5,4.5,5.25
03 avril 1599,10,4,3,5.25
01 mai 1599,10,4.5,3.25,5.5
02 juin 1599,9.38,3.63,3.25,5.5
03 juillet 1599,9.5,3.38,3.25,5.25
04 août 1599,9.25,4,3,5.63
01 septembre 1599,8.63,4.25,3.75,4.75
02 octobre 1599,9,4,3.25,5
03 novembre 1599,7.75,4,4.25,4.5
01 décembre 1599,8.75,3.75,3.25,4.75
01 janvier 1600,9,4.5,3.25,5.25
01 février 1600,8,4,3.25,4.75
01 mars 1600,9.5,3.75,3,5.38
01 avril 1600,9,3.75,3,4.75
03 mai 1600,8.75,4,3.5,5.25
03 juin 1600,9,4.5,3.3,5.5
01 juillet 1600,8.5,4.25,3.5,6.25
02 août 1600,8.5,3.5,3,5.5
02 septembre 1600,8,4,3.25,6.25
03 octobre 1600,8.1,4.25,4,7.5
04 novembre 1600,8.25,4.5,4.5,7.25
02 décembre 1600,7.5,4,4.25,6.88
03 janvier 1601,7.13,4.25,4,7
03 février 1601,8,3.5,3.5,6.5
03 mars 1601,7.75,3.6,3.5,6.5
04 avril 1601,9,4.5,4.25,6.25
02 mai 1601,8,4,4,6
02 juin 1601,8.38,4.5,4.25,6.75
04 juillet 1601,8.13,4,3.63,5.88
01 août 1601,8,3.25,3.13,4.5
01 septembre 1601,8.25,4,3,4.5
03 octobre 1601,8.25,5,3.13,4.5
03 novembre 1601,7.38,4,3.5,4.38
01 décembre 1601,7.25,4.25,3.5,5.75
02 janvier 1602,8.25,4,3.25,4.75
01 février 1602,7.75,4,3.25,4.5
02 mars 1602,7.75,4.25,3.25,4.5
03 avril 1602,7.25,3,3.13,4.25
01 mai 1602,6.5,3,3,3.75
01 juin 1602,6.5,2.88,2.9,4
03 juillet 1602,7,3.25,3,5
03 août 1602,7,3,2.75,4.75
04 septembre 1602,8,3.75,2.75,4
02 octobre 1602,9,4,3.25,5
02 novembre 1602,8.25,4.5,3.5,4.5
04 décembre 1602,9.5,5.13,3.38,4.38
01 janvier 1603,9.75,5,4.13,4.25
01 février 1603,9.25,4.13,3.6,4.5
01 mars 1603,9.75,4.63,3.75,4.25
02 avril 1603,9.6,4.5,4,4.4
03 mai 1603,9.25,5.25,4.13,4.63
04 juin 1603,10.5,6.75,5.75,6
02 juillet 1603,10.5,5.5,5,7.5
02 août 1603,9.75,6,6,7.25
03 septembre 1603,9.88,6,5.5,7.5
01 octobre 1603,10.75,6.5,5.5,8.4
05 novembre 1603,10,5.25,5.5,7.75
03 décembre 1603,11,6.25,5.5,8.25
03 janvier 1604,10.5,5.5,5.5,8
04 février 1604,10.5,5.88,5.25,7.5
03 mars 1604,10,5.5,5.13,7.25
03 avril 1604,10.13,5.5,4.75,7.25
01 mai 1604,8.63,5.5,4.5,6.5
02 juin 1604,8.75,3.75,3,5.38
03 juillet 1604,8.5,4,3,5.5
04 août 1604,8.31,3.5,2.75,5.8
01 septembre 1604,7.88,3.5,2.75,4.75
02 octobre 1604,8.63,3.75,3.25,5
03 novembre 1604,8,4.25,3.5,5.25
01 décembre 1604,8.75,4.5,3.3,5.25
01 janvier 1605,8.75,4,3.25,5
01 février 1605,8.13,3.25,3.2,5
02 mars 1605,8.75,3.38,3.25,4.88
02 avril 1605,8.5,3.25,3.38,5
04 mai 1605,8.5,3.75,4,5
01 juin 1605,8.38,3.38,3.5,5
02 juillet 1605,8.25,3.13,3.25,5.13
03 août 1605,8.25,3.13,3.13,5
03 septembre 1605,8.38,3.38,3,4.38
01 octobre 1605,8.25,3.5,3.25,4.5
02 novembre 1605,8.25,3.75,3,4.6
03 décembre 1605,9.75,3.5,2.9,4.5
04 janvier 1606,8.63,3.5,3.13,4.63
01 février 1606,8.5,3,2.75,4.5
01 mars 1606,8.5,3.13,3,4.25
01 avril 1606,8.5,3.5,3.13,3.8
03 mai 1606,8.38,3.13,2.9,4
03 juin 1606,8,3.13,2.75,4.2
01 juillet 1606,8.5,3.13,2.63,4.25
02 août 1606,8.75,3.38,2.75,4.2
02 septembre 1606,8.88,3.75,2.75,3.75
04 octobre 1606,9,5,3,4
04 novembre 1606,8.38,5,3,4.25
02 décembre 1606,8.25,4.5,3.2,4.25
03 janvier 1607,8.88,4.5,3,4.25
03 février 1607,9.25,4,3.35,4
03 mars 1607,9.25,4.5,3,4.25
04 avril 1607,9.5,5,3.4,3.88
02 mai 1607,8.75,4,3.25,4
02 juin 1607,8.25,4.13,3.2,4
04 juillet 1607,8.75,4.25,3.25,3.88
01 août 1607,9,3.75,3,4.5
01 septembre 1607,8.25,3.75,3.13,3.75
03 octobre 1607,9.75,5,3.38,4
03 novembre 1607,8.5,6.5,3.5,3.75
01 décembre 1607,8.63,4.5,3.75,4
02 janvier 1608,9.5,4.5,3.95,5
01 février 1608,9.5,5,4,4.63
01 mars 1608,10,5.5,4.75,4.25
02 avril 1608,10,5.25,4.5,4.25
03 mai 1608,11.25,6.25,5.25,5.25
04 juin 1608,14.25,7.5,6,4.75
02 juillet 1608,13.25,7.5,6,4.75
02 août 1608,12.5,6.13,6.38,4.75
03 september 1608,13.5,8.5,5,5
01 octobre 1608,16,9,5.5,5.25
05 novembre 1608,14,8.5,5.38,5.25
03 décembre 1608,14,8.75,5,5.63
03 janvier 1609,14.1,9.5,5.38,6.5
04 février 1609,14.25,7.75,5.25,6.25
04 mars 1609,13,7.5,5.25,5.75
01 avril 1609,12.5,6.5,5.75,5.5
02 mai 1609,11,6,5.2,5.25
03 juin 1609,10.25,5,4.75,5
01 juillet 1609,10.13,5.25,4,5.25
01 août 1609,9.38,4.75,4.25,5.5
02 septembre 1609,9.75,4.5,3.25,4.6
03 octobre 1609,10.5,5,4,5.75
04 novembre 1609,9.25,5,3.6,5.65
02 décembre 1609,9.75,5.25,4.13,5.6
02 janvier 1610,9.38,4.75,3.75,5.75
03 février 1610,9.63,4.75,4,7
03 mars 1610,9.5,4.5,3.75,5.5
03 avril 1610,9.25,5,3.8,6.5
01 mai 1610,9,4,3.5,5.75
02 juin 1610,8.88,4.25,3.38,6.63
03 juillet 1610,9.13,4.5,3.5,6.5
04 août 1610,9.25,4,3.25,6.6
01 septembre 1610,9.5,3.75,3.75,7.5
02 octobre 1610,10,4.25,4.25,7
03 novembre 1610,11,5.13,4,8
01 décembre 1610,9.25,5.25,4,8
01 janvier 1611,9.75,6.38,3.75,7.5
01 février 1611,9.13,4.25,4.63,7.5
02 mars 1611,10,4.25,3.75,7.25
02 avril 1611,9.5,4.5,3.75,7.25
04 mai 1611,8.5,4,3.5,7
01 juin 1611,12,6.5,5.25,8
02 juillet 1611,10.25,6.5,5.25,8
03 août 1611,9.5,5.25,4.25,7.75
03 septembre 1611,9.5,4.5,4,7
01 octobre 1611,11,5.5,4.25,7.25
02 novembre 1611,9.13,5.5,4,7.25
03 décembre 1611,9.5,5.38,4.5,7.13
04 janvier 1612,9.5,5.75,4,7.6
01 février 1612,10.13,5.25,4.31,8
03 mars 1612,10.13,5.38,4.5,7
04 avril 1612,10.5,6,5.25,7.25
02 mai 1612,10,5.75,5.5,7.5
02 juin 1612,9.65,5.25,4.75,7.4
04 juillet 1612,9.31,4.75,4,6.6
01 août 1612,9.38,4.5,4.5,7.5
01 septembre 1612,9.38,4.25,4.5,6.75
03 octobre 1612,10.5,4.5,4,7.25
03 novembre 1612,9.5,4.75,4.5,7.4
01 décembre 1612,9,4.5,4,7.38
02 janvier 1613,9.25,4.25,4.5,7.5
01 février 1613,8.75,4.25,4,7.5
02 mars 1613,9.25,4,3.75,7
03 avril 1613,9,4.25,4,7.3
01 mai 1613,8.5,4.25,3.5,7
01 juin 1613,8.25,4.13,3.75,7.25
03 juillet 1613,8.75,4.25,3.5,6.75
03 août 1613,8.88,4,3.25,6.35
04 septembre 1613,9,5,3.75,5.5
02 octobre 1613,9.88,5.25,3.5,5
02 novembre 1613,8.5,5.25,4,5.38
04 décembre 1613,9,5,3.75,5.5
01 janvier 1614,9.25,5,3.7,5.5
01 février 1614,9.25,4.75,3.65,5.25
01 mars 1614,9.5,4.5,3.5,4.75
02 avril 1614,9,5,4,5.6
03 mai 1614,10.25,5.75,4.5,5.5
04 juin 1614,10.38,6,5.75,6
02 juillet 1614,10,5.75,5.5,5.75
02 août 1614,10,5.25,5.25,5.75
03 septembre 1614,9.5,5.5,4.5,5.5
01 octobre 1614,10,5.63,4.5,6
05 novembre 1614,9.5,5.5,4.75,6
03 décembre 1614,9.5,5.5,4.63,6.6
03 janvier 1615,9.13,4.75,4.75,6
04 février 1615,9,5.5,4.75,6
04 mars 1615,9,5.25,4.6,5.75
01 avril 1615,9,5,4.75,7
02 mai 1615,8.5,5,4.75,6.4
03 juin 1615,8.63,4.5,5.5,6.25
01 juillet 1615,8.5,6,6.25,8.75
01 août 1615,9.13,5.5,5.25,8
02 septembre 1615,9.75,5.5,5.38,8.5
03 octobre 1615,11.63,6.5,6,8.5
04 novembre 1615,9.38,6.5,5.6,9
02 décembre 1615,9.13,5.6,5.3,8.75
02 janvier 1616,9.25,6.5,5.25,8.75
03 février 1616,9.38,6.13,5.75,8.4
02 mars 1616,9.25,6.5,5.88,8.75
02 avril 1616,9.25,5.5,5.8,8.4
04 mai 1616,8.5,5.5,5.5,8
01 juin 1616,9,4.5,5,6
02 juillet 1616,7.75,3.25,4.5,5.5
03 août 1616,8.25,3.5,3.75,5.25
03 septembre 1616,9.6,3.88,3.25,5
01 octobre 1616,9.38,4,3.5,5
02 novembre 1616,8.79,4,3.25,5.25
03 décembre 1616,9.5,4.25,3.31,4.75
04 janvier 1617,10.25,4.75,3.55,4.75
01 février 1617,10,4.75,3.25,4.75
01 mars 1617,10.75,5.5,3,5
01 avril 1617,10.38,4.25,3,4.75
03 mai 1617,10,4.75,3,5.75
03 juin 1617,10,4.5,3.25,5.5
01 juillet 1617,10.25,4.6,3,5.4
02 août 1617,10.63,4.13,3.25,5
02 septembre 1617,11.5,5,3.13,5
04 octobre 1617,12,6,3.5,5.25
04 novembre 1617,15,6.5,4.25,6.25
02 décembre 1617,14.5,7.5,4.25,6.13
03 janvier 1618,14.5,7,4.5,6.75
03 février 1618,14,7.6,4.75,7
03 mars 1618,14.5,8,4.9,7
04 avril 1618,15.5,7,5.5,7
02 mai 1618,16.25,10,6.6,7.75
02 juin 1618,14.75,7.25,5.75,7.25
04 juillet 1618,15.15,8.5,5,7.25
01 août 1618,15,5.75,5,7
01 septembre 1618,13.5,6.75,4.5,6.75
03 octobre 1618,12.75,7.4,4.5,6
03 novembre 1618,13,8.25,4.75,6.75
01 décembre 1618,11.75,7.13,4.5,6.5
02 janvier 1619,11.88,6.88,4.3,6.5
01 février 1619,10.63,6.5,4.3,6
02 mars 1619,11.5,6.25,3.88,6.88
03 avril 1619,11,6.38,4,6.25
01 mai 1619,10.63,6.5,4,6.25
01 juin 1619,10.63,5.75,3.38,6
03 juillet 1619,10.13,4.75,3,6
03 août 1619,9.63,6.25,3.5,6.25
04 septembre 1619,9.5,4.5,3.25,5.63
02 octobre 1619,10,4.5,3.75,6
02 novembre 1619,8.25,4.5,3.5,6.25
04 décembre 1619,8.38,4.13,3.4,5.75
01 janvier 1620,8.13,4.25,3.5,5.75
01 février 1620,9,4,3.5,6
04 mars 1620,9,3.63,3.63,6
01 avril 1620,9,3.5,3.35,6.5
02 mai 1620,9,3.63,3.75,6.25
03 juin 1620,8.88,3.75,3.75,6.5
01 juillet 1620,9,4,3.5,6.9
01 août 1620,10,3.88,3.25,6
02 septembre 1620,9.63,4.25,3.25,5.5
03 octobre 1620,12,4.88,3.25,6.6
04 novembre 1620,9.5,4.75,3.5,5.25
02 décembre 1620,9.5,4.63,4.5,5.38
